,Reactant_1_Name,Reactant_2_Name,Solvent_1_Short_Hand,Reagent_1_Short_Hand,Ligand_Short_Hand,Reactant_2_SMILES,Reactant_1_SMILES,Solvent_SMILES,Reagent_SMILES,Ligand_SMILES,yield,Reaction_No,Product_SMILES,Catalyst_SMILES
0,6-Bromoquinoline,Boronic Acid,DMF,NaOH,P(tBu)3,c1cc2cc(ccc2nc1)Br,B(c1c(ccc2c1cnn2C3CCCCO3)C)(O)O,CN(C)C=O.O,[OH-].[Na+],CC(C)(C)P(C(C)(C)C)C(C)(C)C,72.5681439468749,577,Cc1ccc2c(c1c3ccc4c(c3)cccn4)cnn2C5CCCCO5,CC(=O)O[Pd]OC(=O)C
1,6-Bromoquinoline,Boronic Acid,MeOH,NaOH,P(tBu)3,c1cc2cc(ccc2nc1)Br,B(c1c(ccc2c1cnn2C3CCCCO3)C)(O)O,CO.O,[OH-].[Na+],CC(C)(C)P(C(C)(C)C)C(C)(C)C,85.0483265751374,673,Cc1ccc2c(c1c3ccc4c(c3)cccn4)cnn2C5CCCCO5,CC(=O)O[Pd]OC(=O)C
2,6-Iodoquinoline,Boronic Ester,DMF,NaHCO3,P(tBu)3,c1cc2cc(ccc2nc1)I,B1(OC(C(O1)(C)C)(C)C)c2c(ccc3c2cnn3C4CCCCO4)C,CN(C)C=O.O,C(=O)(O)[O-].[Na+],CC(C)(C)P(C(C)(C)C)C(C)(C)C,9.75878431939576,2125,Cc1ccc2c(c1c3ccc4c(c3)cccn4)cnn2C5CCCCO5,CC(=O)O[Pd]OC(=O)C
3,6-triflatequinoline,Trifluoroborate,MeCN,NaHCO3,P(tBu)3,c1cc2cc(ccc2nc1)OS(=O)(=O)C(F)(F)F,[B-](c1c(ccc2c1cnn2C3CCCCO3)C)(F)(F)F.[K+],CC#N.O,C(=O)(O)[O-].[Na+],CC(C)(C)P(C(C)(C)C)C(C)(C)C,11.5472153593606,3122,Cc1ccc2c(c1c3ccc4c(c3)cccn4)cnn2C5CCCCO5,CC(=O)O[Pd]OC(=O)C
4,6-Bromoquinoline,Boronic Acid,MeOH,NaHCO3,P(tBu)3,c1cc2cc(ccc2nc1)Br,B(c1c(ccc2c1cnn2C3CCCCO3)C)(O)O,CO.O,C(=O)(O)[O-].[Na+],CC(C)(C)P(C(C)(C)C)C(C)(C)C,77.8848124982425,685,Cc1ccc2c(c1c3ccc4c(c3)cccn4)cnn2C5CCCCO5,CC(=O)O[Pd]OC(=O)C
5,6-Iodoquinoline,Boronic Acid,MeOH,NaHCO3,P(tBu)3,c1cc2cc(ccc2nc1)I,B(c1c(ccc2c1cnn2C3CCCCO3)C)(O)O,CO.O,C(=O)(O)[O-].[Na+],CC(C)(C)P(C(C)(C)C)C(C)(C)C,71.7176779733418,1453,Cc1ccc2c(c1c3ccc4c(c3)cccn4)cnn2C5CCCCO5,CC(=O)O[Pd]OC(=O)C
6,6-Iodoquinoline,Boronic Acid,THF,NaHCO3,P(tBu)3,c1cc2cc(ccc2nc1)I,B(c1c(ccc2c1cnn2C3CCCCO3)C)(O)O,C1CCOC1.O,C(=O)(O)[O-].[Na+],CC(C)(C)P(C(C)(C)C)C(C)(C)C,83.8205425026489,1261,Cc1ccc2c(c1c3ccc4c(c3)cccn4)cnn2C5CCCCO5,CC(=O)O[Pd]OC(=O)C
7,6-Iodoquinoline,Boronic Ester,THF,NaHCO3,P(tBu)3,c1cc2cc(ccc2nc1)I,B1(OC(C(O1)(C)C)(C)C)c2c(ccc3c2cnn3C4CCCCO4)C,C1CCOC1.O,C(=O)(O)[O-].[Na+],CC(C)(C)P(C(C)(C)C)C(C)(C)C,95.5822292817741,2029,Cc1ccc2c(c1c3ccc4c(c3)cccn4)cnn2C5CCCCO5,CC(=O)O[Pd]OC(=O)C
8,6-chloroquinoline,Boronic Acid,DMF,CsF,P(tBu)3,c1cc2cc(ccc2nc1)Cl,B(c1c(ccc2c1cnn2C3CCCCO3)C)(O)O,CN(C)C=O.O,[F-].[Cs+],CC(C)(C)P(C(C)(C)C)C(C)(C)C,1.22082393118261,217,Cc1ccc2c(c1c3ccc4c(c3)cccn4)cnn2C5CCCCO5,CC(=O)O[Pd]OC(=O)C
9,6-Iodoquinoline,Boronic Acid,DMF,CsF,P(tBu)3,c1cc2cc(ccc2nc1)I,B(c1c(ccc2c1cnn2C3CCCCO3)C)(O)O,CN(C)C=O.O,[F-].[Cs+],CC(C)(C)P(C(C)(C)C)C(C)(C)C,8.80382606203384,1369,Cc1ccc2c(c1c3ccc4c(c3)cccn4)cnn2C5CCCCO5,CC(=O)O[Pd]OC(=O)C
10,6-chloroquinoline,Trifluoroborate,DMF,CsF,P(tBu)3,c1cc2cc(ccc2nc1)Cl,[B-](c1c(ccc2c1cnn2C3CCCCO3)C)(F)(F)F.[K+],CN(C)C=O.O,[F-].[Cs+],CC(C)(C)P(C(C)(C)C)C(C)(C)C,16.3771258547634,4490,Cc1ccc2c(c1c3ccc4c(c3)cccn4)cnn2C5CCCCO5,CC(=O)O[Pd]OC(=O)C
11,6-Bromoquinoline,Trifluoroborate,MeOH,CsF,P(tBu)3,c1cc2cc(ccc2nc1)Br,[B-](c1c(ccc2c1cnn2C3CCCCO3)C)(F)(F)F.[K+],CO.O,[F-].[Cs+],CC(C)(C)P(C(C)(C)C)C(C)(C)C,57.0845017543643,4202,Cc1ccc2c(c1c3ccc4c(c3)cccn4)cnn2C5CCCCO5,CC(=O)O[Pd]OC(=O)C
12,6-Bromoquinoline,Boronic Acid,THF,CsF,P(tBu)3,c1cc2cc(ccc2nc1)Br,B(c1c(ccc2c1cnn2C3CCCCO3)C)(O)O,C1CCOC1.O,[F-].[Cs+],CC(C)(C)P(C(C)(C)C)C(C)(C)C,72.8229959217303,505,Cc1ccc2c(c1c3ccc4c(c3)cccn4)cnn2C5CCCCO5,CC(=O)O[Pd]OC(=O)C
13,6-Iodoquinoline,Boronic Acid,THF,K3PO4,P(tBu)3,c1cc2cc(ccc2nc1)I,B(c1c(ccc2c1cnn2C3CCCCO3)C)(O)O,C1CCOC1.O,[O-]P(=O)([O-])[O-].[K+].[K+].[K+],CC(C)(C)P(C(C)(C)C)C(C)(C)C,47.6209950650479,1285,Cc1ccc2c(c1c3ccc4c(c3)cccn4)cnn2C5CCCCO5,CC(=O)O[Pd]OC(=O)C
14,6-Bromoquinoline,Boronic Ester,THF,K3PO4,P(tBu)3,c1cc2cc(ccc2nc1)Br,B1(OC(C(O1)(C)C)(C)C)c2c(ccc3c2cnn3C4CCCCO4)C,C1CCOC1.O,[O-]P(=O)([O-])[O-].[K+].[K+].[K+],CC(C)(C)P(C(C)(C)C)C(C)(C)C,63.8600423016889,2437,Cc1ccc2c(c1c3ccc4c(c3)cccn4)cnn2C5CCCCO5,CC(=O)O[Pd]OC(=O)C
15,6-Iodoquinoline,Trifluoroborate,MeCN,KOH,P(tBu)3,c1cc2cc(ccc2nc1)I,[B-](c1c(ccc2c1cnn2C3CCCCO3)C)(F)(F)F.[K+],CC#N.O,[OH-].[K+],CC(C)(C)P(C(C)(C)C)C(C)(C)C,18.8558171526689,3482,Cc1ccc2c(c1c3ccc4c(c3)cccn4)cnn2C5CCCCO5,CC(=O)O[Pd]OC(=O)C
16,6-chloroquinoline,Boronic Ester,MeOH,KOH,P(tBu)3,c1cc2cc(ccc2nc1)Cl,B1(OC(C(O1)(C)C)(C)C)c2c(ccc3c2cnn3C4CCCCO4)C,CO.O,[OH-].[K+],CC(C)(C)P(C(C)(C)C)C(C)(C)C,15.3189390984768,3025,Cc1ccc2c(c1c3ccc4c(c3)cccn4)cnn2C5CCCCO5,CC(=O)O[Pd]OC(=O)C
17,6-chloroquinoline,Boronic Ester,THF,KOH,P(tBu)3,c1cc2cc(ccc2nc1)Cl,B1(OC(C(O1)(C)C)(C)C)c2c(ccc3c2cnn3C4CCCCO4)C,C1CCOC1.O,[OH-].[K+],CC(C)(C)P(C(C)(C)C)C(C)(C)C,44.6338571272874,2833,Cc1ccc2c(c1c3ccc4c(c3)cccn4)cnn2C5CCCCO5,CC(=O)O[Pd]OC(=O)C
18,6-chloroquinoline,Boronic Acid,DMF,LiOtBu,P(tBu)3,c1cc2cc(ccc2nc1)Cl,B(c1c(ccc2c1cnn2C3CCCCO3)C)(O)O,CN(C)C=O.O,[Li+].CC(C)(C)[O-],CC(C)(C)P(C(C)(C)C)C(C)(C)C,23.0725794554218,253,Cc1ccc2c(c1c3ccc4c(c3)cccn4)cnn2C5CCCCO5,CC(=O)O[Pd]OC(=O)C
19,6-triflatequinoline,Boronic Ester,DMF,Et3N,P(tBu)3,c1cc2cc(ccc2nc1)OS(=O)(=O)C(F)(F)F,B1(OC(C(O1)(C)C)(C)C)c2c(ccc3c2cnn3C4CCCCO4)C,CN(C)C=O.O,CCN(CC)CC,CC(C)(C)P(C(C)(C)C)C(C)(C)C,65.3162936511765,1801,Cc1ccc2c(c1c3ccc4c(c3)cccn4)cnn2C5CCCCO5,CC(=O)O[Pd]OC(=O)C
20,6-triflatequinoline,Trifluoroborate,THF,None,P(tBu)3,c1cc2cc(ccc2nc1)OS(=O)(=O)C(F)(F)F,[B-](c1c(ccc2c1cnn2C3CCCCO3)C)(F)(F)F.[K+],C1CCOC1.O,None,CC(C)(C)P(C(C)(C)C)C(C)(C)C,14.002081864653,3170,Cc1ccc2c(c1c3ccc4c(c3)cccn4)cnn2C5CCCCO5,CC(=O)O[Pd]OC(=O)C
21,6-Iodoquinoline,Trifluoroborate,THF,NaOH,P(Ph)3 ,c1cc2cc(ccc2nc1)I,[B-](c1c(ccc2c1cnn2C3CCCCO3)C)(F)(F)F.[K+],C1CCOC1.O,[OH-].[Na+],c1ccc(cc1)P(c2ccccc2)c3ccccc3,47.69994280623,3567,Cc1ccc2c(c1c3ccc4c(c3)cccn4)cnn2C5CCCCO5,CC(=O)O[Pd]OC(=O)C
22,6-Bromoquinoline,Trifluoroborate,DMF,NaHCO3,P(Ph)3 ,c1cc2cc(ccc2nc1)Br,[B-](c1c(ccc2c1cnn2C3CCCCO3)C)(F)(F)F.[K+],CN(C)C=O.O,C(=O)(O)[O-].[Na+],c1ccc(cc1)P(c2ccccc2)c3ccccc3,15.2298560409573,4083,Cc1ccc2c(c1c3ccc4c(c3)cccn4)cnn2C5CCCCO5,CC(=O)O[Pd]OC(=O)C
23,6-triflatequinoline,Boronic Ester,MeCN,NaHCO3,P(Ph)3 ,c1cc2cc(ccc2nc1)OS(=O)(=O)C(F)(F)F,B1(OC(C(O1)(C)C)(C)C)c2c(ccc3c2cnn3C4CCCCO4)C,CC#N.O,C(=O)(O)[O-].[Na+],c1ccc(cc1)P(c2ccccc2)c3ccccc3,87.3063254584504,1550,Cc1ccc2c(c1c3ccc4c(c3)cccn4)cnn2C5CCCCO5,CC(=O)O[Pd]OC(=O)C
24,6-Bromoquinoline,Boronic Ester,MeOH,NaHCO3,P(Ph)3 ,c1cc2cc(ccc2nc1)Br,B1(OC(C(O1)(C)C)(C)C)c2c(ccc3c2cnn3C4CCCCO4)C,CO.O,C(=O)(O)[O-].[Na+],c1ccc(cc1)P(c2ccccc2)c3ccccc3,68.4605717426728,2606,Cc1ccc2c(c1c3ccc4c(c3)cccn4)cnn2C5CCCCO5,CC(=O)O[Pd]OC(=O)C
25,6-chloroquinoline,Boronic Acid,MeCN,CsF,P(Ph)3 ,c1cc2cc(ccc2nc1)Cl,B(c1c(ccc2c1cnn2C3CCCCO3)C)(O)O,CC#N.O,[F-].[Cs+],c1ccc(cc1)P(c2ccccc2)c3ccccc3,4.35920116829955,26,Cc1ccc2c(c1c3ccc4c(c3)cccn4)cnn2C5CCCCO5,CC(=O)O[Pd]OC(=O)C
26,6-Iodoquinoline,Boronic Ester,MeOH,CsF,P(Ph)3 ,c1cc2cc(ccc2nc1)I,B1(OC(C(O1)(C)C)(C)C)c2c(ccc3c2cnn3C4CCCCO4)C,CO.O,[F-].[Cs+],c1ccc(cc1)P(c2ccccc2)c3ccccc3,67.9992271937513,2234,Cc1ccc2c(c1c3ccc4c(c3)cccn4)cnn2C5CCCCO5,CC(=O)O[Pd]OC(=O)C
27,6-chloroquinoline,Boronic Ester,THF,CsF,P(Ph)3 ,c1cc2cc(ccc2nc1)Cl,B1(OC(C(O1)(C)C)(C)C)c2c(ccc3c2cnn3C4CCCCO4)C,C1CCOC1.O,[F-].[Cs+],c1ccc(cc1)P(c2ccccc2)c3ccccc3,15.5459285810292,2810,Cc1ccc2c(c1c3ccc4c(c3)cccn4)cnn2C5CCCCO5,CC(=O)O[Pd]OC(=O)C
28,6-triflatequinoline,Boronic Ester,DMF,K3PO4,P(Ph)3 ,c1cc2cc(ccc2nc1)OS(=O)(=O)C(F)(F)F,B1(OC(C(O1)(C)C)(C)C)c2c(ccc3c2cnn3C4CCCCO4)C,CN(C)C=O.O,[O-]P(=O)([O-])[O-].[K+].[K+].[K+],c1ccc(cc1)P(c2ccccc2)c3ccccc3,83.3602527071705,1766,Cc1ccc2c(c1c3ccc4c(c3)cccn4)cnn2C5CCCCO5,CC(=O)O[Pd]OC(=O)C
29,6-triflatequinoline,Boronic Acid,MeCN,K3PO4,P(Ph)3 ,c1cc2cc(ccc2nc1)OS(=O)(=O)C(F)(F)F,B(c1c(ccc2c1cnn2C3CCCCO3)C)(O)O,CC#N.O,[O-]P(=O)([O-])[O-].[K+].[K+].[K+],c1ccc(cc1)P(c2ccccc2)c3ccccc3,87.6806814105779,806,Cc1ccc2c(c1c3ccc4c(c3)cccn4)cnn2C5CCCCO5,CC(=O)O[Pd]OC(=O)C
30,6-Bromoquinoline,Boronic Acid,DMF,LiOtBu,P(Ph)3 ,c1cc2cc(ccc2nc1)Br,B(c1c(ccc2c1cnn2C3CCCCO3)C)(O)O,CN(C)C=O.O,[Li+].CC(C)(C)[O-],c1ccc(cc1)P(c2ccccc2)c3ccccc3,81.2281961321919,638,Cc1ccc2c(c1c3ccc4c(c3)cccn4)cnn2C5CCCCO5,CC(=O)O[Pd]OC(=O)C
31,6-Bromoquinoline,Boronic Ester,MeCN,LiOtBu,P(Ph)3 ,c1cc2cc(ccc2nc1)Br,B1(OC(C(O1)(C)C)(C)C)c2c(ccc3c2cnn3C4CCCCO4)C,CC#N.O,[Li+].CC(C)(C)[O-],c1ccc(cc1)P(c2ccccc2)c3ccccc3,73.0683075724633,2366,Cc1ccc2c(c1c3ccc4c(c3)cccn4)cnn2C5CCCCO5,CC(=O)O[Pd]OC(=O)C
32,6-Iodoquinoline,Boronic Acid,MeOH,LiOtBu,P(Ph)3 ,c1cc2cc(ccc2nc1)I,B(c1c(ccc2c1cnn2C3CCCCO3)C)(O)O,CO.O,[Li+].CC(C)(C)[O-],c1ccc(cc1)P(c2ccccc2)c3ccccc3,98.6922177153939,1502,Cc1ccc2c(c1c3ccc4c(c3)cccn4)cnn2C5CCCCO5,CC(=O)O[Pd]OC(=O)C
33,6-triflatequinoline,Boronic Ester,MeOH,LiOtBu,P(Ph)3 ,c1cc2cc(ccc2nc1)OS(=O)(=O)C(F)(F)F,B1(OC(C(O1)(C)C)(C)C)c2c(ccc3c2cnn3C4CCCCO4)C,CO.O,[Li+].CC(C)(C)[O-],c1ccc(cc1)P(c2ccccc2)c3ccccc3,94.7395154972839,1886,Cc1ccc2c(c1c3ccc4c(c3)cccn4)cnn2C5CCCCO5,CC(=O)O[Pd]OC(=O)C
34,6-Bromoquinoline,Boronic Acid,THF,LiOtBu,P(Ph)3 ,c1cc2cc(ccc2nc1)Br,B(c1c(ccc2c1cnn2C3CCCCO3)C)(O)O,C1CCOC1.O,[Li+].CC(C)(C)[O-],c1ccc(cc1)P(c2ccccc2)c3ccccc3,87.7846242598397,542,Cc1ccc2c(c1c3ccc4c(c3)cccn4)cnn2C5CCCCO5,CC(=O)O[Pd]OC(=O)C
35,6-triflatequinoline,Trifluoroborate,THF,LiOtBu,P(Ph)3 ,c1cc2cc(ccc2nc1)OS(=O)(=O)C(F)(F)F,[B-](c1c(ccc2c1cnn2C3CCCCO3)C)(F)(F)F.[K+],C1CCOC1.O,[Li+].CC(C)(C)[O-],c1ccc(cc1)P(c2ccccc2)c3ccccc3,60.4681785931212,3207,Cc1ccc2c(c1c3ccc4c(c3)cccn4)cnn2C5CCCCO5,CC(=O)O[Pd]OC(=O)C
36,6-Iodoquinoline,Boronic Ester,MeCN,Et3N,P(Ph)3 ,c1cc2cc(ccc2nc1)I,B1(OC(C(O1)(C)C)(C)C)c2c(ccc3c2cnn3C4CCCCO4)C,CC#N.O,CCN(CC)CC,c1ccc(cc1)P(c2ccccc2)c3ccccc3,94.3763791256126,1994,Cc1ccc2c(c1c3ccc4c(c3)cccn4)cnn2C5CCCCO5,CC(=O)O[Pd]OC(=O)C
37,6-triflatequinoline,Boronic Acid,MeOH,Et3N,P(Ph)3 ,c1cc2cc(ccc2nc1)OS(=O)(=O)C(F)(F)F,B(c1c(ccc2c1cnn2C3CCCCO3)C)(O)O,CO.O,CCN(CC)CC,c1ccc(cc1)P(c2ccccc2)c3ccccc3,88.7417591161115,1130,Cc1ccc2c(c1c3ccc4c(c3)cccn4)cnn2C5CCCCO5,CC(=O)O[Pd]OC(=O)C
38,6-Bromoquinoline,Boronic Acid,DMF,NaHCO3,AmPhos,c1cc2cc(ccc2nc1)Br,B(c1c(ccc2c1cnn2C3CCCCO3)C)(O)O,CN(C)C=O.O,C(=O)(O)[O-].[Na+],CC(C)(C)P(c1ccc(cc1)N(C)C)C(C)(C)C,29.9760743566376,591,Cc1ccc2c(c1c3ccc4c(c3)cccn4)cnn2C5CCCCO5,CC(=O)O[Pd]OC(=O)C
39,6-chloroquinoline,Boronic Ester,DMF,NaHCO3,AmPhos,c1cc2cc(ccc2nc1)Cl,B1(OC(C(O1)(C)C)(C)C)c2c(ccc3c2cnn3C4CCCCO4)C,CN(C)C=O.O,C(=O)(O)[O-].[Na+],CC(C)(C)P(c1ccc(cc1)N(C)C)C(C)(C)C,8.52838747256135,2895,Cc1ccc2c(c1c3ccc4c(c3)cccn4)cnn2C5CCCCO5,CC(=O)O[Pd]OC(=O)C
40,6-Bromoquinoline,Boronic Ester,DMF,NaHCO3,AmPhos,c1cc2cc(ccc2nc1)Br,B1(OC(C(O1)(C)C)(C)C)c2c(ccc3c2cnn3C4CCCCO4)C,CN(C)C=O.O,C(=O)(O)[O-].[Na+],CC(C)(C)P(c1ccc(cc1)N(C)C)C(C)(C)C,48.0652592350593,2511,Cc1ccc2c(c1c3ccc4c(c3)cccn4)cnn2C5CCCCO5,CC(=O)O[Pd]OC(=O)C
41,6-Bromoquinoline,Boronic Acid,MeOH,NaHCO3,AmPhos,c1cc2cc(ccc2nc1)Br,B(c1c(ccc2c1cnn2C3CCCCO3)C)(O)O,CO.O,C(=O)(O)[O-].[Na+],CC(C)(C)P(c1ccc(cc1)N(C)C)C(C)(C)C,81.7343994274407,687,Cc1ccc2c(c1c3ccc4c(c3)cccn4)cnn2C5CCCCO5,CC(=O)O[Pd]OC(=O)C
42,6-chloroquinoline,Boronic Ester,THF,NaHCO3,AmPhos,c1cc2cc(ccc2nc1)Cl,B1(OC(C(O1)(C)C)(C)C)c2c(ccc3c2cnn3C4CCCCO4)C,C1CCOC1.O,C(=O)(O)[O-].[Na+],CC(C)(C)P(c1ccc(cc1)N(C)C)C(C)(C)C,30.8867534362406,2799,Cc1ccc2c(c1c3ccc4c(c3)cccn4)cnn2C5CCCCO5,CC(=O)O[Pd]OC(=O)C
43,6-Iodoquinoline,Boronic Ester,THF,NaHCO3,AmPhos,c1cc2cc(ccc2nc1)I,B1(OC(C(O1)(C)C)(C)C)c2c(ccc3c2cnn3C4CCCCO4)C,C1CCOC1.O,C(=O)(O)[O-].[Na+],CC(C)(C)P(c1ccc(cc1)N(C)C)C(C)(C)C,91.4693063670746,2031,Cc1ccc2c(c1c3ccc4c(c3)cccn4)cnn2C5CCCCO5,CC(=O)O[Pd]OC(=O)C
44,6-Bromoquinoline,Boronic Acid,DMF,CsF,AmPhos,c1cc2cc(ccc2nc1)Br,B(c1c(ccc2c1cnn2C3CCCCO3)C)(O)O,CN(C)C=O.O,[F-].[Cs+],CC(C)(C)P(c1ccc(cc1)N(C)C)C(C)(C)C,57.9442477840885,603,Cc1ccc2c(c1c3ccc4c(c3)cccn4)cnn2C5CCCCO5,CC(=O)O[Pd]OC(=O)C
45,6-Iodoquinoline,Boronic Ester,MeCN,CsF,AmPhos,c1cc2cc(ccc2nc1)I,B1(OC(C(O1)(C)C)(C)C)c2c(ccc3c2cnn3C4CCCCO4)C,CC#N.O,[F-].[Cs+],CC(C)(C)P(c1ccc(cc1)N(C)C)C(C)(C)C,91.1772977676256,1947,Cc1ccc2c(c1c3ccc4c(c3)cccn4)cnn2C5CCCCO5,CC(=O)O[Pd]OC(=O)C
46,6-Bromoquinoline,Trifluoroborate,MeOH,CsF,AmPhos,c1cc2cc(ccc2nc1)Br,[B-](c1c(ccc2c1cnn2C3CCCCO3)C)(F)(F)F.[K+],CO.O,[F-].[Cs+],CC(C)(C)P(c1ccc(cc1)N(C)C)C(C)(C)C,71.1663865106315,4204,Cc1ccc2c(c1c3ccc4c(c3)cccn4)cnn2C5CCCCO5,CC(=O)O[Pd]OC(=O)C
47,6-Bromoquinoline,Boronic Acid,DMF,K3PO4,AmPhos,c1cc2cc(ccc2nc1)Br,B(c1c(ccc2c1cnn2C3CCCCO3)C)(O)O,CN(C)C=O.O,[O-]P(=O)([O-])[O-].[K+].[K+].[K+],CC(C)(C)P(c1ccc(cc1)N(C)C)C(C)(C)C,56.6516915891652,615,Cc1ccc2c(c1c3ccc4c(c3)cccn4)cnn2C5CCCCO5,CC(=O)O[Pd]OC(=O)C
48,6-chloroquinoline,Trifluoroborate,DMF,K3PO4,AmPhos,c1cc2cc(ccc2nc1)Cl,[B-](c1c(ccc2c1cnn2C3CCCCO3)C)(F)(F)F.[K+],CN(C)C=O.O,[O-]P(=O)([O-])[O-].[K+].[K+].[K+],CC(C)(C)P(c1ccc(cc1)N(C)C)C(C)(C)C,18.4468064971958,4504,Cc1ccc2c(c1c3ccc4c(c3)cccn4)cnn2C5CCCCO5,CC(=O)O[Pd]OC(=O)C
49,6-Bromoquinoline,Trifluoroborate,MeCN,K3PO4,AmPhos,c1cc2cc(ccc2nc1)Br,[B-](c1c(ccc2c1cnn2C3CCCCO3)C)(F)(F)F.[K+],CC#N.O,[O-]P(=O)([O-])[O-].[K+].[K+].[K+],CC(C)(C)P(c1ccc(cc1)N(C)C)C(C)(C)C,17.8764241294788,3928,Cc1ccc2c(c1c3ccc4c(c3)cccn4)cnn2C5CCCCO5,CC(=O)O[Pd]OC(=O)C
50,6-chloroquinoline,Boronic Acid,MeOH,K3PO4,AmPhos,c1cc2cc(ccc2nc1)Cl,B(c1c(ccc2c1cnn2C3CCCCO3)C)(O)O,CO.O,[O-]P(=O)([O-])[O-].[K+].[K+].[K+],CC(C)(C)P(c1ccc(cc1)N(C)C)C(C)(C)C,12.5657929576163,327,Cc1ccc2c(c1c3ccc4c(c3)cccn4)cnn2C5CCCCO5,CC(=O)O[Pd]OC(=O)C
51,6-Iodoquinoline,Boronic Ester,DMF,KOH,AmPhos,c1cc2cc(ccc2nc1)I,B1(OC(C(O1)(C)C)(C)C)c2c(ccc3c2cnn3C4CCCCO4)C,CN(C)C=O.O,[OH-].[K+],CC(C)(C)P(c1ccc(cc1)N(C)C)C(C)(C)C,91.3490076349663,2163,Cc1ccc2c(c1c3ccc4c(c3)cccn4)cnn2C5CCCCO5,CC(=O)O[Pd]OC(=O)C
52,6-Bromoquinoline,Boronic Acid,MeCN,KOH,AmPhos,c1cc2cc(ccc2nc1)Br,B(c1c(ccc2c1cnn2C3CCCCO3)C)(O)O,CC#N.O,[OH-].[K+],CC(C)(C)P(c1ccc(cc1)N(C)C)C(C)(C)C,87.4742953227683,435,Cc1ccc2c(c1c3ccc4c(c3)cccn4)cnn2C5CCCCO5,CC(=O)O[Pd]OC(=O)C
53,6-Iodoquinoline,Boronic Ester,MeOH,KOH,AmPhos,c1cc2cc(ccc2nc1)I,B1(OC(C(O1)(C)C)(C)C)c2c(ccc3c2cnn3C4CCCCO4)C,CO.O,[OH-].[K+],CC(C)(C)P(c1ccc(cc1)N(C)C)C(C)(C)C,83.8040660458964,2259,Cc1ccc2c(c1c3ccc4c(c3)cccn4)cnn2C5CCCCO5,CC(=O)O[Pd]OC(=O)C
54,6-Bromoquinoline,Trifluoroborate,DMF,LiOtBu,AmPhos,c1cc2cc(ccc2nc1)Br,[B-](c1c(ccc2c1cnn2C3CCCCO3)C)(F)(F)F.[K+],CN(C)C=O.O,[Li+].CC(C)(C)[O-],CC(C)(C)P(c1ccc(cc1)N(C)C)C(C)(C)C,11.6044696210543,4072,Cc1ccc2c(c1c3ccc4c(c3)cccn4)cnn2C5CCCCO5,CC(=O)O[Pd]OC(=O)C
55,6-Iodoquinoline,Boronic Acid,MeCN,LiOtBu,AmPhos,c1cc2cc(ccc2nc1)I,B(c1c(ccc2c1cnn2C3CCCCO3)C)(O)O,CC#N.O,[Li+].CC(C)(C)[O-],CC(C)(C)P(c1ccc(cc1)N(C)C)C(C)(C)C,90.9575977334006,1215,Cc1ccc2c(c1c3ccc4c(c3)cccn4)cnn2C5CCCCO5,CC(=O)O[Pd]OC(=O)C
56,6-chloroquinoline,Boronic Ester,MeCN,LiOtBu,AmPhos,c1cc2cc(ccc2nc1)Cl,B1(OC(C(O1)(C)C)(C)C)c2c(ccc3c2cnn3C4CCCCO4)C,CC#N.O,[Li+].CC(C)(C)[O-],CC(C)(C)P(c1ccc(cc1)N(C)C)C(C)(C)C,8.69965651811787,2751,Cc1ccc2c(c1c3ccc4c(c3)cccn4)cnn2C5CCCCO5,CC(=O)O[Pd]OC(=O)C
57,6-Bromoquinoline,Boronic Ester,MeOH,Et3N,AmPhos,c1cc2cc(ccc2nc1)Br,B1(OC(C(O1)(C)C)(C)C)c2c(ccc3c2cnn3C4CCCCO4)C,CO.O,CCN(CC)CC,CC(C)(C)P(c1ccc(cc1)N(C)C)C(C)(C)C,52.8178409893278,2667,Cc1ccc2c(c1c3ccc4c(c3)cccn4)cnn2C5CCCCO5,CC(=O)O[Pd]OC(=O)C
58,6-Iodoquinoline,Trifluoroborate,MeOH,Et3N,AmPhos,c1cc2cc(ccc2nc1)I,[B-](c1c(ccc2c1cnn2C3CCCCO3)C)(F)(F)F.[K+],CO.O,CCN(CC)CC,CC(C)(C)P(c1ccc(cc1)N(C)C)C(C)(C)C,74.7421070293837,3808,Cc1ccc2c(c1c3ccc4c(c3)cccn4)cnn2C5CCCCO5,CC(=O)O[Pd]OC(=O)C
59,6-triflatequinoline,Boronic Ester,DMF,None,AmPhos,c1cc2cc(ccc2nc1)OS(=O)(=O)C(F)(F)F,B1(OC(C(O1)(C)C)(C)C)c2c(ccc3c2cnn3C4CCCCO4)C,CN(C)C=O.O,None,CC(C)(C)P(c1ccc(cc1)N(C)C)C(C)(C)C,45.6558266724162,1815,Cc1ccc2c(c1c3ccc4c(c3)cccn4)cnn2C5CCCCO5,CC(=O)O[Pd]OC(=O)C
60,6-Bromoquinoline,Trifluoroborate,MeCN,None,AmPhos,c1cc2cc(ccc2nc1)Br,[B-](c1c(ccc2c1cnn2C3CCCCO3)C)(F)(F)F.[K+],CC#N.O,None,CC(C)(C)P(c1ccc(cc1)N(C)C)C(C)(C)C,20.7027245626601,3844,Cc1ccc2c(c1c3ccc4c(c3)cccn4)cnn2C5CCCCO5,CC(=O)O[Pd]OC(=O)C
61,6-triflatequinoline,Trifluoroborate,THF,NaOH,P(Cy)3,c1cc2cc(ccc2nc1)OS(=O)(=O)C(F)(F)F,[B-](c1c(ccc2c1cnn2C3CCCCO3)C)(F)(F)F.[K+],C1CCOC1.O,[OH-].[Na+],C1CCC(CC1)P(C2CCCCC2)C3CCCCC3,40.0135712199086,3185,Cc1ccc2c(c1c3ccc4c(c3)cccn4)cnn2C5CCCCO5,CC(=O)O[Pd]OC(=O)C
62,6-Iodoquinoline,Trifluoroborate,THF,NaOH,P(Cy)3,c1cc2cc(ccc2nc1)I,[B-](c1c(ccc2c1cnn2C3CCCCO3)C)(F)(F)F.[K+],C1CCOC1.O,[OH-].[Na+],C1CCC(CC1)P(C2CCCCC2)C3CCCCC3,44.3966039489299,3569,Cc1ccc2c(c1c3ccc4c(c3)cccn4)cnn2C5CCCCO5,CC(=O)O[Pd]OC(=O)C
63,6-Bromoquinoline,Boronic Acid,DMF,NaHCO3,P(Cy)3,c1cc2cc(ccc2nc1)Br,B(c1c(ccc2c1cnn2C3CCCCO3)C)(O)O,CN(C)C=O.O,C(=O)(O)[O-].[Na+],C1CCC(CC1)P(C2CCCCC2)C3CCCCC3,37.3363489131913,592,Cc1ccc2c(c1c3ccc4c(c3)cccn4)cnn2C5CCCCO5,CC(=O)O[Pd]OC(=O)C
64,6-triflatequinoline,Trifluoroborate,MeCN,NaHCO3,P(Cy)3,c1cc2cc(ccc2nc1)OS(=O)(=O)C(F)(F)F,[B-](c1c(ccc2c1cnn2C3CCCCO3)C)(F)(F)F.[K+],CC#N.O,C(=O)(O)[O-].[Na+],C1CCC(CC1)P(C2CCCCC2)C3CCCCC3,11.6282541939316,3125,Cc1ccc2c(c1c3ccc4c(c3)cccn4)cnn2C5CCCCO5,CC(=O)O[Pd]OC(=O)C
65,6-Bromoquinoline,Boronic Ester,MeOH,NaHCO3,P(Cy)3,c1cc2cc(ccc2nc1)Br,B1(OC(C(O1)(C)C)(C)C)c2c(ccc3c2cnn3C4CCCCO4)C,CO.O,C(=O)(O)[O-].[Na+],C1CCC(CC1)P(C2CCCCC2)C3CCCCC3,47.0705668983345,2608,Cc1ccc2c(c1c3ccc4c(c3)cccn4)cnn2C5CCCCO5,CC(=O)O[Pd]OC(=O)C
66,6-chloroquinoline,Boronic Ester,THF,NaHCO3,P(Cy)3,c1cc2cc(ccc2nc1)Cl,B1(OC(C(O1)(C)C)(C)C)c2c(ccc3c2cnn3C4CCCCO4)C,C1CCOC1.O,C(=O)(O)[O-].[Na+],C1CCC(CC1)P(C2CCCCC2)C3CCCCC3,48.7538022047724,2800,Cc1ccc2c(c1c3ccc4c(c3)cccn4)cnn2C5CCCCO5,CC(=O)O[Pd]OC(=O)C
67,6-Iodoquinoline,Trifluoroborate,THF,NaHCO3,P(Cy)3,c1cc2cc(ccc2nc1)I,[B-](c1c(ccc2c1cnn2C3CCCCO3)C)(F)(F)F.[K+],C1CCOC1.O,C(=O)(O)[O-].[Na+],C1CCC(CC1)P(C2CCCCC2)C3CCCCC3,23.9628024638645,3605,Cc1ccc2c(c1c3ccc4c(c3)cccn4)cnn2C5CCCCO5,CC(=O)O[Pd]OC(=O)C
68,6-triflatequinoline,Boronic Acid,DMF,CsF,P(Cy)3,c1cc2cc(ccc2nc1)OS(=O)(=O)C(F)(F)F,B(c1c(ccc2c1cnn2C3CCCCO3)C)(O)O,CN(C)C=O.O,[F-].[Cs+],C1CCC(CC1)P(C2CCCCC2)C3CCCCC3,94.4626212201736,988,Cc1ccc2c(c1c3ccc4c(c3)cccn4)cnn2C5CCCCO5,CC(=O)O[Pd]OC(=O)C
69,6-chloroquinoline,Trifluoroborate,MeOH,CsF,P(Cy)3,c1cc2cc(ccc2nc1)Cl,[B-](c1c(ccc2c1cnn2C3CCCCO3)C)(F)(F)F.[K+],CO.O,[F-].[Cs+],C1CCC(CC1)P(C2CCCCC2)C3CCCCC3,19.7216294400158,4589,Cc1ccc2c(c1c3ccc4c(c3)cccn4)cnn2C5CCCCO5,CC(=O)O[Pd]OC(=O)C
70,6-Bromoquinoline,Trifluoroborate,MeOH,K3PO4,P(Cy)3,c1cc2cc(ccc2nc1)Br,[B-](c1c(ccc2c1cnn2C3CCCCO3)C)(F)(F)F.[K+],CO.O,[O-]P(=O)([O-])[O-].[K+].[K+].[K+],C1CCC(CC1)P(C2CCCCC2)C3CCCCC3,28.3156458852862,4217,Cc1ccc2c(c1c3ccc4c(c3)cccn4)cnn2C5CCCCO5,CC(=O)O[Pd]OC(=O)C
71,6-chloroquinoline,Boronic Acid,DMF,KOH,P(Cy)3,c1cc2cc(ccc2nc1)Cl,B(c1c(ccc2c1cnn2C3CCCCO3)C)(O)O,CN(C)C=O.O,[OH-].[K+],C1CCC(CC1)P(C2CCCCC2)C3CCCCC3,7.47024695482382,244,Cc1ccc2c(c1c3ccc4c(c3)cccn4)cnn2C5CCCCO5,CC(=O)O[Pd]OC(=O)C
72,6-chloroquinoline,Boronic Acid,MeCN,KOH,P(Cy)3,c1cc2cc(ccc2nc1)Cl,B(c1c(ccc2c1cnn2C3CCCCO3)C)(O)O,CC#N.O,[OH-].[K+],C1CCC(CC1)P(C2CCCCC2)C3CCCCC3,6.45624672939622,52,Cc1ccc2c(c1c3ccc4c(c3)cccn4)cnn2C5CCCCO5,CC(=O)O[Pd]OC(=O)C
73,6-Iodoquinoline,Trifluoroborate,MeCN,KOH,P(Cy)3,c1cc2cc(ccc2nc1)I,[B-](c1c(ccc2c1cnn2C3CCCCO3)C)(F)(F)F.[K+],CC#N.O,[OH-].[K+],C1CCC(CC1)P(C2CCCCC2)C3CCCCC3,16.0654647028531,3485,Cc1ccc2c(c1c3ccc4c(c3)cccn4)cnn2C5CCCCO5,CC(=O)O[Pd]OC(=O)C
74,6-triflatequinoline,Boronic Acid,MeOH,KOH,P(Cy)3,c1cc2cc(ccc2nc1)OS(=O)(=O)C(F)(F)F,B(c1c(ccc2c1cnn2C3CCCCO3)C)(O)O,CO.O,[OH-].[K+],C1CCC(CC1)P(C2CCCCC2)C3CCCCC3,82.1049549613392,1108,Cc1ccc2c(c1c3ccc4c(c3)cccn4)cnn2C5CCCCO5,CC(=O)O[Pd]OC(=O)C
75,6-Bromoquinoline,Boronic Ester,THF,KOH,P(Cy)3,c1cc2cc(ccc2nc1)Br,B1(OC(C(O1)(C)C)(C)C)c2c(ccc3c2cnn3C4CCCCO4)C,C1CCOC1.O,[OH-].[K+],C1CCC(CC1)P(C2CCCCC2)C3CCCCC3,51.6797037521841,2452,Cc1ccc2c(c1c3ccc4c(c3)cccn4)cnn2C5CCCCO5,CC(=O)O[Pd]OC(=O)C
76,6-Iodoquinoline,Trifluoroborate,DMF,LiOtBu,P(Cy)3,c1cc2cc(ccc2nc1)I,[B-](c1c(ccc2c1cnn2C3CCCCO3)C)(F)(F)F.[K+],CN(C)C=O.O,[Li+].CC(C)(C)[O-],C1CCC(CC1)P(C2CCCCC2)C3CCCCC3,14.0373047743535,3689,Cc1ccc2c(c1c3ccc4c(c3)cccn4)cnn2C5CCCCO5,CC(=O)O[Pd]OC(=O)C
77,6-Iodoquinoline,Boronic Acid,MeOH,LiOtBu,P(Cy)3,c1cc2cc(ccc2nc1)I,B(c1c(ccc2c1cnn2C3CCCCO3)C)(O)O,CO.O,[Li+].CC(C)(C)[O-],C1CCC(CC1)P(C2CCCCC2)C3CCCCC3,92.968105197347,1504,Cc1ccc2c(c1c3ccc4c(c3)cccn4)cnn2C5CCCCO5,CC(=O)O[Pd]OC(=O)C
78,6-chloroquinoline,Boronic Acid,THF,Et3N,P(Cy)3,c1cc2cc(ccc2nc1)Cl,B(c1c(ccc2c1cnn2C3CCCCO3)C)(O)O,C1CCOC1.O,CCN(CC)CC,C1CCC(CC1)P(C2CCCCC2)C3CCCCC3,82.6474738914186,172,Cc1ccc2c(c1c3ccc4c(c3)cccn4)cnn2C5CCCCO5,CC(=O)O[Pd]OC(=O)C
79,6-Bromoquinoline,Trifluoroborate,THF,Et3N,P(Cy)3,c1cc2cc(ccc2nc1)Br,[B-](c1c(ccc2c1cnn2C3CCCCO3)C)(F)(F)F.[K+],C1CCOC1.O,CCN(CC)CC,C1CCC(CC1)P(C2CCCCC2)C3CCCCC3,20.3814390190546,4001,Cc1ccc2c(c1c3ccc4c(c3)cccn4)cnn2C5CCCCO5,CC(=O)O[Pd]OC(=O)C
80,6-Bromoquinoline,Boronic Acid,MeCN,None,P(Cy)3,c1cc2cc(ccc2nc1)Br,B(c1c(ccc2c1cnn2C3CCCCO3)C)(O)O,CC#N.O,None,C1CCC(CC1)P(C2CCCCC2)C3CCCCC3,67.7254172018757,472,Cc1ccc2c(c1c3ccc4c(c3)cccn4)cnn2C5CCCCO5,CC(=O)O[Pd]OC(=O)C
81,6-triflatequinoline,Boronic Acid,THF,None,P(Cy)3,c1cc2cc(ccc2nc1)OS(=O)(=O)C(F)(F)F,B(c1c(ccc2c1cnn2C3CCCCO3)C)(O)O,C1CCOC1.O,None,C1CCC(CC1)P(C2CCCCC2)C3CCCCC3,75.6424717510945,952,Cc1ccc2c(c1c3ccc4c(c3)cccn4)cnn2C5CCCCO5,CC(=O)O[Pd]OC(=O)C
82,6-chloroquinoline,Boronic Ester,MeOH,NaOH,P(o-Tol)3,c1cc2cc(ccc2nc1)Cl,B1(OC(C(O1)(C)C)(C)C)c2c(ccc3c2cnn3C4CCCCO4)C,CO.O,[OH-].[Na+],Cc1ccccc1P(c2ccccc2C)c3ccccc3C,7.45025125131147,2981,Cc1ccc2c(c1c3ccc4c(c3)cccn4)cnn2C5CCCCO5,CC(=O)O[Pd]OC(=O)C
83,6-chloroquinoline,Boronic Ester,MeOH,NaHCO3,P(o-Tol)3,c1cc2cc(ccc2nc1)Cl,B1(OC(C(O1)(C)C)(C)C)c2c(ccc3c2cnn3C4CCCCO4)C,CO.O,C(=O)(O)[O-].[Na+],Cc1ccccc1P(c2ccccc2C)c3ccccc3C,7.67297495504328,2993,Cc1ccc2c(c1c3ccc4c(c3)cccn4)cnn2C5CCCCO5,CC(=O)O[Pd]OC(=O)C
84,6-Iodoquinoline,Trifluoroborate,THF,NaHCO3,P(o-Tol)3,c1cc2cc(ccc2nc1)I,[B-](c1c(ccc2c1cnn2C3CCCCO3)C)(F)(F)F.[K+],C1CCOC1.O,C(=O)(O)[O-].[Na+],Cc1ccccc1P(c2ccccc2C)c3ccccc3C,37.3369532390744,3606,Cc1ccc2c(c1c3ccc4c(c3)cccn4)cnn2C5CCCCO5,CC(=O)O[Pd]OC(=O)C
85,6-chloroquinoline,Boronic Acid,DMF,K3PO4,P(o-Tol)3,c1cc2cc(ccc2nc1)Cl,B(c1c(ccc2c1cnn2C3CCCCO3)C)(O)O,CN(C)C=O.O,[O-]P(=O)([O-])[O-].[K+].[K+].[K+],Cc1ccccc1P(c2ccccc2C)c3ccccc3C,0.988129766326499,233,Cc1ccc2c(c1c3ccc4c(c3)cccn4)cnn2C5CCCCO5,CC(=O)O[Pd]OC(=O)C
86,6-chloroquinoline,Boronic Ester,MeCN,KOH,P(o-Tol)3,c1cc2cc(ccc2nc1)Cl,B1(OC(C(O1)(C)C)(C)C)c2c(ccc3c2cnn3C4CCCCO4)C,CC#N.O,[OH-].[K+],Cc1ccccc1P(c2ccccc2C)c3ccccc3C,6.60154057188266,2741,Cc1ccc2c(c1c3ccc4c(c3)cccn4)cnn2C5CCCCO5,CC(=O)O[Pd]OC(=O)C
87,6-Iodoquinoline,Boronic Ester,MeCN,KOH,P(o-Tol)3,c1cc2cc(ccc2nc1)I,B1(OC(C(O1)(C)C)(C)C)c2c(ccc3c2cnn3C4CCCCO4)C,CC#N.O,[OH-].[K+],Cc1ccccc1P(c2ccccc2C)c3ccccc3C,86.9685852171353,1973,Cc1ccc2c(c1c3ccc4c(c3)cccn4)cnn2C5CCCCO5,CC(=O)O[Pd]OC(=O)C
88,6-triflatequinoline,Boronic Acid,THF,KOH,P(o-Tol)3,c1cc2cc(ccc2nc1)OS(=O)(=O)C(F)(F)F,B(c1c(ccc2c1cnn2C3CCCCO3)C)(O)O,C1CCOC1.O,[OH-].[K+],Cc1ccccc1P(c2ccccc2C)c3ccccc3C,26.9869378125437,917,Cc1ccc2c(c1c3ccc4c(c3)cccn4)cnn2C5CCCCO5,CC(=O)O[Pd]OC(=O)C
89,6-triflatequinoline,Trifluoroborate,DMF,LiOtBu,P(o-Tol)3,c1cc2cc(ccc2nc1)OS(=O)(=O)C(F)(F)F,[B-](c1c(ccc2c1cnn2C3CCCCO3)C)(F)(F)F.[K+],CN(C)C=O.O,[Li+].CC(C)(C)[O-],Cc1ccccc1P(c2ccccc2C)c3ccccc3C,11.4656459017803,3306,Cc1ccc2c(c1c3ccc4c(c3)cccn4)cnn2C5CCCCO5,CC(=O)O[Pd]OC(=O)C
90,6-triflatequinoline,Boronic Ester,MeCN,LiOtBu,P(o-Tol)3,c1cc2cc(ccc2nc1)OS(=O)(=O)C(F)(F)F,B1(OC(C(O1)(C)C)(C)C)c2c(ccc3c2cnn3C4CCCCO4)C,CC#N.O,[Li+].CC(C)(C)[O-],Cc1ccccc1P(c2ccccc2C)c3ccccc3C,59.4659273679963,1601,Cc1ccc2c(c1c3ccc4c(c3)cccn4)cnn2C5CCCCO5,CC(=O)O[Pd]OC(=O)C
91,6-Iodoquinoline,Boronic Acid,MeOH,LiOtBu,P(o-Tol)3,c1cc2cc(ccc2nc1)I,B(c1c(ccc2c1cnn2C3CCCCO3)C)(O)O,CO.O,[Li+].CC(C)(C)[O-],Cc1ccccc1P(c2ccccc2C)c3ccccc3C,92.6467307723407,1505,Cc1ccc2c(c1c3ccc4c(c3)cccn4)cnn2C5CCCCO5,CC(=O)O[Pd]OC(=O)C
92,6-Bromoquinoline,Trifluoroborate,MeOH,LiOtBu,P(o-Tol)3,c1cc2cc(ccc2nc1)Br,[B-](c1c(ccc2c1cnn2C3CCCCO3)C)(F)(F)F.[K+],CO.O,[Li+].CC(C)(C)[O-],Cc1ccccc1P(c2ccccc2C)c3ccccc3C,63.0085606622623,4170,Cc1ccc2c(c1c3ccc4c(c3)cccn4)cnn2C5CCCCO5,CC(=O)O[Pd]OC(=O)C
93,6-triflatequinoline,Trifluoroborate,MeOH,LiOtBu,P(o-Tol)3,c1cc2cc(ccc2nc1)OS(=O)(=O)C(F)(F)F,[B-](c1c(ccc2c1cnn2C3CCCCO3)C)(F)(F)F.[K+],CO.O,[Li+].CC(C)(C)[O-],Cc1ccccc1P(c2ccccc2C)c3ccccc3C,31.7840312964973,3402,Cc1ccc2c(c1c3ccc4c(c3)cccn4)cnn2C5CCCCO5,CC(=O)O[Pd]OC(=O)C
94,6-triflatequinoline,Boronic Ester,MeCN,Et3N,P(o-Tol)3,c1cc2cc(ccc2nc1)OS(=O)(=O)C(F)(F)F,B1(OC(C(O1)(C)C)(C)C)c2c(ccc3c2cnn3C4CCCCO4)C,CC#N.O,CCN(CC)CC,Cc1ccccc1P(c2ccccc2C)c3ccccc3C,49.7935499750216,1613,Cc1ccc2c(c1c3ccc4c(c3)cccn4)cnn2C5CCCCO5,CC(=O)O[Pd]OC(=O)C
95,6-chloroquinoline,Boronic Acid,THF,Et3N,P(o-Tol)3,c1cc2cc(ccc2nc1)Cl,B(c1c(ccc2c1cnn2C3CCCCO3)C)(O)O,C1CCOC1.O,CCN(CC)CC,Cc1ccccc1P(c2ccccc2C)c3ccccc3C,5.9704378754713,173,Cc1ccc2c(c1c3ccc4c(c3)cccn4)cnn2C5CCCCO5,CC(=O)O[Pd]OC(=O)C
96,6-triflatequinoline,Trifluoroborate,THF,None,P(o-Tol)3,c1cc2cc(ccc2nc1)OS(=O)(=O)C(F)(F)F,[B-](c1c(ccc2c1cnn2C3CCCCO3)C)(F)(F)F.[K+],C1CCOC1.O,None,Cc1ccccc1P(c2ccccc2C)c3ccccc3C,20.057249801141,3174,Cc1ccc2c(c1c3ccc4c(c3)cccn4)cnn2C5CCCCO5,CC(=O)O[Pd]OC(=O)C
97,6-Iodoquinoline,Trifluoroborate,THF,None,P(o-Tol)3,c1cc2cc(ccc2nc1)I,[B-](c1c(ccc2c1cnn2C3CCCCO3)C)(F)(F)F.[K+],C1CCOC1.O,None,Cc1ccccc1P(c2ccccc2C)c3ccccc3C,34.7458135761026,3558,Cc1ccc2c(c1c3ccc4c(c3)cccn4)cnn2C5CCCCO5,CC(=O)O[Pd]OC(=O)C
98,6-chloroquinoline,Boronic Ester,MeCN,NaOH,CataCXium A,c1cc2cc(ccc2nc1)Cl,B1(OC(C(O1)(C)C)(C)C)c2c(ccc3c2cnn3C4CCCCO4)C,CC#N.O,[OH-].[Na+],CCCCP(C12CC3CC(C1)CC(C3)C2)C45CC6CC(C4)CC(C6)C5,15.972671252428,2694,Cc1ccc2c(c1c3ccc4c(c3)cccn4)cnn2C5CCCCO5,CC(=O)O[Pd]OC(=O)C
99,6-Iodoquinoline,Boronic Ester,MeCN,NaOH,CataCXium A,c1cc2cc(ccc2nc1)I,B1(OC(C(O1)(C)C)(C)C)c2c(ccc3c2cnn3C4CCCCO4)C,CC#N.O,[OH-].[Na+],CCCCP(C12CC3CC(C1)CC(C3)C2)C45CC6CC(C4)CC(C6)C5,94.3892609041672,1926,Cc1ccc2c(c1c3ccc4c(c3)cccn4)cnn2C5CCCCO5,CC(=O)O[Pd]OC(=O)C
100,6-triflatequinoline,Trifluoroborate,MeCN,NaOH,CataCXium A,c1cc2cc(ccc2nc1)OS(=O)(=O)C(F)(F)F,[B-](c1c(ccc2c1cnn2C3CCCCO3)C)(F)(F)F.[K+],CC#N.O,[OH-].[Na+],CCCCP(C12CC3CC(C1)CC(C3)C2)C45CC6CC(C4)CC(C6)C5,17.0860943832161,3091,Cc1ccc2c(c1c3ccc4c(c3)cccn4)cnn2C5CCCCO5,CC(=O)O[Pd]OC(=O)C
101,6-Iodoquinoline,Boronic Ester,THF,NaHCO3,CataCXium A,c1cc2cc(ccc2nc1)I,B1(OC(C(O1)(C)C)(C)C)c2c(ccc3c2cnn3C4CCCCO4)C,C1CCOC1.O,C(=O)(O)[O-].[Na+],CCCCP(C12CC3CC(C1)CC(C3)C2)C45CC6CC(C4)CC(C6)C5,87.4972758362143,2034,Cc1ccc2c(c1c3ccc4c(c3)cccn4)cnn2C5CCCCO5,CC(=O)O[Pd]OC(=O)C
102,6-Bromoquinoline,Boronic Acid,MeOH,CsF,CataCXium A,c1cc2cc(ccc2nc1)Br,B(c1c(ccc2c1cnn2C3CCCCO3)C)(O)O,CO.O,[F-].[Cs+],CCCCP(C12CC3CC(C1)CC(C3)C2)C45CC6CC(C4)CC(C6)C5,80.4993374094072,702,Cc1ccc2c(c1c3ccc4c(c3)cccn4)cnn2C5CCCCO5,CC(=O)O[Pd]OC(=O)C
103,6-triflatequinoline,Boronic Acid,MeOH,CsF,CataCXium A,c1cc2cc(ccc2nc1)OS(=O)(=O)C(F)(F)F,B(c1c(ccc2c1cnn2C3CCCCO3)C)(O)O,CO.O,[F-].[Cs+],CCCCP(C12CC3CC(C1)CC(C3)C2)C45CC6CC(C4)CC(C6)C5,86.5126793232394,1086,Cc1ccc2c(c1c3ccc4c(c3)cccn4)cnn2C5CCCCO5,CC(=O)O[Pd]OC(=O)C
104,6-Bromoquinoline,Boronic Acid,MeCN,K3PO4,CataCXium A,c1cc2cc(ccc2nc1)Br,B(c1c(ccc2c1cnn2C3CCCCO3)C)(O)O,CC#N.O,[O-]P(=O)([O-])[O-].[K+].[K+].[K+],CCCCP(C12CC3CC(C1)CC(C3)C2)C45CC6CC(C4)CC(C6)C5,82.6873381679497,426,Cc1ccc2c(c1c3ccc4c(c3)cccn4)cnn2C5CCCCO5,CC(=O)O[Pd]OC(=O)C
105,6-chloroquinoline,Boronic Ester,MeOH,K3PO4,CataCXium A,c1cc2cc(ccc2nc1)Cl,B1(OC(C(O1)(C)C)(C)C)c2c(ccc3c2cnn3C4CCCCO4)C,CO.O,[O-]P(=O)([O-])[O-].[K+].[K+].[K+],CCCCP(C12CC3CC(C1)CC(C3)C2)C45CC6CC(C4)CC(C6)C5,15.4224792783607,3018,Cc1ccc2c(c1c3ccc4c(c3)cccn4)cnn2C5CCCCO5,CC(=O)O[Pd]OC(=O)C
106,6-triflatequinoline,Boronic Acid,MeCN,KOH,CataCXium A,c1cc2cc(ccc2nc1)OS(=O)(=O)C(F)(F)F,B(c1c(ccc2c1cnn2C3CCCCO3)C)(O)O,CC#N.O,[OH-].[K+],CCCCP(C12CC3CC(C1)CC(C3)C2)C45CC6CC(C4)CC(C6)C5,92.9608440086605,822,Cc1ccc2c(c1c3ccc4c(c3)cccn4)cnn2C5CCCCO5,CC(=O)O[Pd]OC(=O)C
107,6-triflatequinoline,Boronic Ester,MeCN,KOH,CataCXium A,c1cc2cc(ccc2nc1)OS(=O)(=O)C(F)(F)F,B1(OC(C(O1)(C)C)(C)C)c2c(ccc3c2cnn3C4CCCCO4)C,CC#N.O,[OH-].[K+],CCCCP(C12CC3CC(C1)CC(C3)C2)C45CC6CC(C4)CC(C6)C5,96.148597400099,1590,Cc1ccc2c(c1c3ccc4c(c3)cccn4)cnn2C5CCCCO5,CC(=O)O[Pd]OC(=O)C
108,6-chloroquinoline,Trifluoroborate,THF,KOH,CataCXium A,c1cc2cc(ccc2nc1)Cl,[B-](c1c(ccc2c1cnn2C3CCCCO3)C)(F)(F)F.[K+],C1CCOC1.O,[OH-].[K+],CCCCP(C12CC3CC(C1)CC(C3)C2)C45CC6CC(C4)CC(C6)C5,21.3664711283516,4351,Cc1ccc2c(c1c3ccc4c(c3)cccn4)cnn2C5CCCCO5,CC(=O)O[Pd]OC(=O)C
109,6-Iodoquinoline,Boronic Acid,DMF,Et3N,CataCXium A,c1cc2cc(ccc2nc1)I,B(c1c(ccc2c1cnn2C3CCCCO3)C)(O)O,CN(C)C=O.O,CCN(CC)CC,CCCCP(C12CC3CC(C1)CC(C3)C2)C45CC6CC(C4)CC(C6)C5,79.4558269871585,1422,Cc1ccc2c(c1c3ccc4c(c3)cccn4)cnn2C5CCCCO5,CC(=O)O[Pd]OC(=O)C
110,6-triflatequinoline,Trifluoroborate,DMF,Et3N,CataCXium A,c1cc2cc(ccc2nc1)OS(=O)(=O)C(F)(F)F,[B-](c1c(ccc2c1cnn2C3CCCCO3)C)(F)(F)F.[K+],CN(C)C=O.O,CCN(CC)CC,CCCCP(C12CC3CC(C1)CC(C3)C2)C45CC6CC(C4)CC(C6)C5,30.1781587136509,3331,Cc1ccc2c(c1c3ccc4c(c3)cccn4)cnn2C5CCCCO5,CC(=O)O[Pd]OC(=O)C
111,6-Iodoquinoline,Boronic Ester,MeCN,Et3N,CataCXium A,c1cc2cc(ccc2nc1)I,B1(OC(C(O1)(C)C)(C)C)c2c(ccc3c2cnn3C4CCCCO4)C,CC#N.O,CCN(CC)CC,CCCCP(C12CC3CC(C1)CC(C3)C2)C45CC6CC(C4)CC(C6)C5,94.3215498667971,1998,Cc1ccc2c(c1c3ccc4c(c3)cccn4)cnn2C5CCCCO5,CC(=O)O[Pd]OC(=O)C
112,6-Iodoquinoline,Boronic Acid,MeOH,Et3N,CataCXium A,c1cc2cc(ccc2nc1)I,B(c1c(ccc2c1cnn2C3CCCCO3)C)(O)O,CO.O,CCN(CC)CC,CCCCP(C12CC3CC(C1)CC(C3)C2)C45CC6CC(C4)CC(C6)C5,89.0948351177002,1518,Cc1ccc2c(c1c3ccc4c(c3)cccn4)cnn2C5CCCCO5,CC(=O)O[Pd]OC(=O)C
113,6-Iodoquinoline,Boronic Ester,MeOH,Et3N,CataCXium A,c1cc2cc(ccc2nc1)I,B1(OC(C(O1)(C)C)(C)C)c2c(ccc3c2cnn3C4CCCCO4)C,CO.O,CCN(CC)CC,CCCCP(C12CC3CC(C1)CC(C3)C2)C45CC6CC(C4)CC(C6)C5,73.5317109522169,2286,Cc1ccc2c(c1c3ccc4c(c3)cccn4)cnn2C5CCCCO5,CC(=O)O[Pd]OC(=O)C
114,6-Bromoquinoline,Boronic Acid,DMF,None,CataCXium A,c1cc2cc(ccc2nc1)Br,B(c1c(ccc2c1cnn2C3CCCCO3)C)(O)O,CN(C)C=O.O,None,CCCCP(C12CC3CC(C1)CC(C3)C2)C45CC6CC(C4)CC(C6)C5,62.3247780010914,666,Cc1ccc2c(c1c3ccc4c(c3)cccn4)cnn2C5CCCCO5,CC(=O)O[Pd]OC(=O)C
115,6-triflatequinoline,Boronic Ester,DMF,None,CataCXium A,c1cc2cc(ccc2nc1)OS(=O)(=O)C(F)(F)F,B1(OC(C(O1)(C)C)(C)C)c2c(ccc3c2cnn3C4CCCCO4)C,CN(C)C=O.O,None,CCCCP(C12CC3CC(C1)CC(C3)C2)C45CC6CC(C4)CC(C6)C5,49.8188603527536,1818,Cc1ccc2c(c1c3ccc4c(c3)cccn4)cnn2C5CCCCO5,CC(=O)O[Pd]OC(=O)C
116,6-Iodoquinoline,Boronic Ester,MeCN,None,CataCXium A,c1cc2cc(ccc2nc1)I,B1(OC(C(O1)(C)C)(C)C)c2c(ccc3c2cnn3C4CCCCO4)C,CC#N.O,None,CCCCP(C12CC3CC(C1)CC(C3)C2)C45CC6CC(C4)CC(C6)C5,71.9842756980722,2010,Cc1ccc2c(c1c3ccc4c(c3)cccn4)cnn2C5CCCCO5,CC(=O)O[Pd]OC(=O)C
117,6-Bromoquinoline,Trifluoroborate,MeCN,None,CataCXium A,c1cc2cc(ccc2nc1)Br,[B-](c1c(ccc2c1cnn2C3CCCCO3)C)(F)(F)F.[K+],CC#N.O,None,CCCCP(C12CC3CC(C1)CC(C3)C2)C45CC6CC(C4)CC(C6)C5,14.7878278593665,3847,Cc1ccc2c(c1c3ccc4c(c3)cccn4)cnn2C5CCCCO5,CC(=O)O[Pd]OC(=O)C
118,6-Bromoquinoline,Boronic Acid,MeOH,None,CataCXium A,c1cc2cc(ccc2nc1)Br,B(c1c(ccc2c1cnn2C3CCCCO3)C)(O)O,CO.O,None,CCCCP(C12CC3CC(C1)CC(C3)C2)C45CC6CC(C4)CC(C6)C5,62.3651842739079,762,Cc1ccc2c(c1c3ccc4c(c3)cccn4)cnn2C5CCCCO5,CC(=O)O[Pd]OC(=O)C
119,6-Iodoquinoline,Trifluoroborate,MeOH,None,CataCXium A,c1cc2cc(ccc2nc1)I,[B-](c1c(ccc2c1cnn2C3CCCCO3)C)(F)(F)F.[K+],CO.O,None,CCCCP(C12CC3CC(C1)CC(C3)C2)C45CC6CC(C4)CC(C6)C5,43.9449063439494,3751,Cc1ccc2c(c1c3ccc4c(c3)cccn4)cnn2C5CCCCO5,CC(=O)O[Pd]OC(=O)C
120,6-triflatequinoline,Boronic Acid,DMF,NaHCO3,SPhos,c1cc2cc(ccc2nc1)OS(=O)(=O)C(F)(F)F,B(c1c(ccc2c1cnn2C3CCCCO3)C)(O)O,CN(C)C=O.O,C(=O)(O)[O-].[Na+],COc1cccc(c1c2ccccc2P(C3CCCCC3)C4CCCCC4)OC,64.6909291947542,979,Cc1ccc2c(c1c3ccc4c(c3)cccn4)cnn2C5CCCCO5,CC(=O)O[Pd]OC(=O)C
121,6-Bromoquinoline,Boronic Ester,DMF,NaHCO3,SPhos,c1cc2cc(ccc2nc1)Br,B1(OC(C(O1)(C)C)(C)C)c2c(ccc3c2cnn3C4CCCCO4)C,CN(C)C=O.O,C(=O)(O)[O-].[Na+],COc1cccc(c1c2ccccc2P(C3CCCCC3)C4CCCCC4)OC,26.040918815247,2515,Cc1ccc2c(c1c3ccc4c(c3)cccn4)cnn2C5CCCCO5,CC(=O)O[Pd]OC(=O)C
122,6-triflatequinoline,Boronic Ester,MeCN,NaHCO3,SPhos,c1cc2cc(ccc2nc1)OS(=O)(=O)C(F)(F)F,B1(OC(C(O1)(C)C)(C)C)c2c(ccc3c2cnn3C4CCCCO4)C,CC#N.O,C(=O)(O)[O-].[Na+],COc1cccc(c1c2ccccc2P(C3CCCCC3)C4CCCCC4)OC,60.4908003692653,1555,Cc1ccc2c(c1c3ccc4c(c3)cccn4)cnn2C5CCCCO5,CC(=O)O[Pd]OC(=O)C
123,6-triflatequinoline,Boronic Ester,MeOH,NaHCO3,SPhos,c1cc2cc(ccc2nc1)OS(=O)(=O)C(F)(F)F,B1(OC(C(O1)(C)C)(C)C)c2c(ccc3c2cnn3C4CCCCO4)C,CO.O,C(=O)(O)[O-].[Na+],COc1cccc(c1c2ccccc2P(C3CCCCC3)C4CCCCC4)OC,57.3805946113847,1843,Cc1ccc2c(c1c3ccc4c(c3)cccn4)cnn2C5CCCCO5,CC(=O)O[Pd]OC(=O)C
124,6-chloroquinoline,Boronic Acid,THF,NaHCO3,SPhos,c1cc2cc(ccc2nc1)Cl,B(c1c(ccc2c1cnn2C3CCCCO3)C)(O)O,C1CCOC1.O,C(=O)(O)[O-].[Na+],COc1cccc(c1c2ccccc2P(C3CCCCC3)C4CCCCC4)OC,79.8467095458273,115,Cc1ccc2c(c1c3ccc4c(c3)cccn4)cnn2C5CCCCO5,CC(=O)O[Pd]OC(=O)C
125,6-Iodoquinoline,Boronic Ester,THF,NaHCO3,SPhos,c1cc2cc(ccc2nc1)I,B1(OC(C(O1)(C)C)(C)C)c2c(ccc3c2cnn3C4CCCCO4)C,C1CCOC1.O,C(=O)(O)[O-].[Na+],COc1cccc(c1c2ccccc2P(C3CCCCC3)C4CCCCC4)OC,68.7877879150992,2035,Cc1ccc2c(c1c3ccc4c(c3)cccn4)cnn2C5CCCCO5,CC(=O)O[Pd]OC(=O)C
126,6-Iodoquinoline,Boronic Ester,DMF,CsF,SPhos,c1cc2cc(ccc2nc1)I,B1(OC(C(O1)(C)C)(C)C)c2c(ccc3c2cnn3C4CCCCO4)C,CN(C)C=O.O,[F-].[Cs+],COc1cccc(c1c2ccccc2P(C3CCCCC3)C4CCCCC4)OC,82.5833913998959,2143,Cc1ccc2c(c1c3ccc4c(c3)cccn4)cnn2C5CCCCO5,CC(=O)O[Pd]OC(=O)C
127,6-triflatequinoline,Trifluoroborate,DMF,CsF,SPhos,c1cc2cc(ccc2nc1)OS(=O)(=O)C(F)(F)F,[B-](c1c(ccc2c1cnn2C3CCCCO3)C)(F)(F)F.[K+],CN(C)C=O.O,[F-].[Cs+],COc1cccc(c1c2ccccc2P(C3CCCCC3)C4CCCCC4)OC,12.5338684615432,3344,Cc1ccc2c(c1c3ccc4c(c3)cccn4)cnn2C5CCCCO5,CC(=O)O[Pd]OC(=O)C
128,6-Bromoquinoline,Trifluoroborate,MeCN,K3PO4,SPhos,c1cc2cc(ccc2nc1)Br,[B-](c1c(ccc2c1cnn2C3CCCCO3)C)(F)(F)F.[K+],CC#N.O,[O-]P(=O)([O-])[O-].[K+].[K+].[K+],COc1cccc(c1c2ccccc2P(C3CCCCC3)C4CCCCC4)OC,12.6760654995039,3932,Cc1ccc2c(c1c3ccc4c(c3)cccn4)cnn2C5CCCCO5,CC(=O)O[Pd]OC(=O)C
129,6-chloroquinoline,Trifluoroborate,MeOH,K3PO4,SPhos,c1cc2cc(ccc2nc1)Cl,[B-](c1c(ccc2c1cnn2C3CCCCO3)C)(F)(F)F.[K+],CO.O,[O-]P(=O)([O-])[O-].[K+].[K+].[K+],COc1cccc(c1c2ccccc2P(C3CCCCC3)C4CCCCC4)OC,48.6564394760715,4604,Cc1ccc2c(c1c3ccc4c(c3)cccn4)cnn2C5CCCCO5,CC(=O)O[Pd]OC(=O)C
130,6-Iodoquinoline,Boronic Acid,THF,K3PO4,SPhos,c1cc2cc(ccc2nc1)I,B(c1c(ccc2c1cnn2C3CCCCO3)C)(O)O,C1CCOC1.O,[O-]P(=O)([O-])[O-].[K+].[K+].[K+],COc1cccc(c1c2ccccc2P(C3CCCCC3)C4CCCCC4)OC,39.2139183151422,1291,Cc1ccc2c(c1c3ccc4c(c3)cccn4)cnn2C5CCCCO5,CC(=O)O[Pd]OC(=O)C
131,6-triflatequinoline,Trifluoroborate,MeCN,KOH,SPhos,c1cc2cc(ccc2nc1)OS(=O)(=O)C(F)(F)F,[B-](c1c(ccc2c1cnn2C3CCCCO3)C)(F)(F)F.[K+],CC#N.O,[OH-].[K+],COc1cccc(c1c2ccccc2P(C3CCCCC3)C4CCCCC4)OC,8.8268058755857,3104,Cc1ccc2c(c1c3ccc4c(c3)cccn4)cnn2C5CCCCO5,CC(=O)O[Pd]OC(=O)C
132,6-Bromoquinoline,Boronic Acid,MeCN,LiOtBu,SPhos,c1cc2cc(ccc2nc1)Br,B(c1c(ccc2c1cnn2C3CCCCO3)C)(O)O,CC#N.O,[Li+].CC(C)(C)[O-],COc1cccc(c1c2ccccc2P(C3CCCCC3)C4CCCCC4)OC,92.5255059883806,451,Cc1ccc2c(c1c3ccc4c(c3)cccn4)cnn2C5CCCCO5,CC(=O)O[Pd]OC(=O)C
133,6-triflatequinoline,Boronic Ester,MeCN,LiOtBu,SPhos,c1cc2cc(ccc2nc1)OS(=O)(=O)C(F)(F)F,B1(OC(C(O1)(C)C)(C)C)c2c(ccc3c2cnn3C4CCCCO4)C,CC#N.O,[Li+].CC(C)(C)[O-],COc1cccc(c1c2ccccc2P(C3CCCCC3)C4CCCCC4)OC,86.2817314535841,1603,Cc1ccc2c(c1c3ccc4c(c3)cccn4)cnn2C5CCCCO5,CC(=O)O[Pd]OC(=O)C
134,6-triflatequinoline,Boronic Ester,MeOH,LiOtBu,SPhos,c1cc2cc(ccc2nc1)OS(=O)(=O)C(F)(F)F,B1(OC(C(O1)(C)C)(C)C)c2c(ccc3c2cnn3C4CCCCO4)C,CO.O,[Li+].CC(C)(C)[O-],COc1cccc(c1c2ccccc2P(C3CCCCC3)C4CCCCC4)OC,76.4886339893108,1891,Cc1ccc2c(c1c3ccc4c(c3)cccn4)cnn2C5CCCCO5,CC(=O)O[Pd]OC(=O)C
135,6-Bromoquinoline,Boronic Ester,DMF,Et3N,SPhos,c1cc2cc(ccc2nc1)Br,B1(OC(C(O1)(C)C)(C)C)c2c(ccc3c2cnn3C4CCCCO4)C,CN(C)C=O.O,CCN(CC)CC,COc1cccc(c1c2ccccc2P(C3CCCCC3)C4CCCCC4)OC,42.8036671325266,2575,Cc1ccc2c(c1c3ccc4c(c3)cccn4)cnn2C5CCCCO5,CC(=O)O[Pd]OC(=O)C
136,6-Bromoquinoline,Trifluoroborate,THF,Et3N,SPhos,c1cc2cc(ccc2nc1)Br,[B-](c1c(ccc2c1cnn2C3CCCCO3)C)(F)(F)F.[K+],C1CCOC1.O,CCN(CC)CC,COc1cccc(c1c2ccccc2P(C3CCCCC3)C4CCCCC4)OC,17.0363838720475,4004,Cc1ccc2c(c1c3ccc4c(c3)cccn4)cnn2C5CCCCO5,CC(=O)O[Pd]OC(=O)C
137,6-Iodoquinoline,Boronic Ester,MeOH,None,SPhos,c1cc2cc(ccc2nc1)I,B1(OC(C(O1)(C)C)(C)C)c2c(ccc3c2cnn3C4CCCCO4)C,CO.O,None,COc1cccc(c1c2ccccc2P(C3CCCCC3)C4CCCCC4)OC,63.7472036760534,2299,Cc1ccc2c(c1c3ccc4c(c3)cccn4)cnn2C5CCCCO5,CC(=O)O[Pd]OC(=O)C
138,6-triflatequinoline,Boronic Acid,THF,None,SPhos,c1cc2cc(ccc2nc1)OS(=O)(=O)C(F)(F)F,B(c1c(ccc2c1cnn2C3CCCCO3)C)(O)O,C1CCOC1.O,None,COc1cccc(c1c2ccccc2P(C3CCCCC3)C4CCCCC4)OC,95.2137226541972,955,Cc1ccc2c(c1c3ccc4c(c3)cccn4)cnn2C5CCCCO5,CC(=O)O[Pd]OC(=O)C
139,6-triflatequinoline,Boronic Ester,DMF,NaOH,dtbpf,c1cc2cc(ccc2nc1)OS(=O)(=O)C(F)(F)F,B1(OC(C(O1)(C)C)(C)C)c2c(ccc3c2cnn3C4CCCCO4)C,CN(C)C=O.O,[OH-].[Na+],CC(C)(C)P(C1=CC=C[CH]1)C(C)(C)C.CC(C)(C)P(C1=CC=C[CH]1)C(C)(C)C.[Fe],40.8648169742733,1736,Cc1ccc2c(c1c3ccc4c(c3)cccn4)cnn2C5CCCCO5,CC(=O)O[Pd]OC(=O)C
140,6-triflatequinoline,Boronic Ester,MeOH,NaOH,dtbpf,c1cc2cc(ccc2nc1)OS(=O)(=O)C(F)(F)F,B1(OC(C(O1)(C)C)(C)C)c2c(ccc3c2cnn3C4CCCCO4)C,CO.O,[OH-].[Na+],CC(C)(C)P(C1=CC=C[CH]1)C(C)(C)C.CC(C)(C)P(C1=CC=C[CH]1)C(C)(C)C.[Fe],39.8029498314909,1832,Cc1ccc2c(c1c3ccc4c(c3)cccn4)cnn2C5CCCCO5,CC(=O)O[Pd]OC(=O)C
141,6-Iodoquinoline,Boronic Acid,THF,NaOH,dtbpf,c1cc2cc(ccc2nc1)I,B(c1c(ccc2c1cnn2C3CCCCO3)C)(O)O,C1CCOC1.O,[OH-].[Na+],CC(C)(C)P(C1=CC=C[CH]1)C(C)(C)C.CC(C)(C)P(C1=CC=C[CH]1)C(C)(C)C.[Fe],76.2519576908742,1256,Cc1ccc2c(c1c3ccc4c(c3)cccn4)cnn2C5CCCCO5,CC(=O)O[Pd]OC(=O)C
142,6-Iodoquinoline,Trifluoroborate,DMF,NaHCO3,dtbpf,c1cc2cc(ccc2nc1)I,[B-](c1c(ccc2c1cnn2C3CCCCO3)C)(F)(F)F.[K+],CN(C)C=O.O,C(=O)(O)[O-].[Na+],CC(C)(C)P(C1=CC=C[CH]1)C(C)(C)C.CC(C)(C)P(C1=CC=C[CH]1)C(C)(C)C.[Fe],15.4867170507133,3705,Cc1ccc2c(c1c3ccc4c(c3)cccn4)cnn2C5CCCCO5,CC(=O)O[Pd]OC(=O)C
143,6-Bromoquinoline,Boronic Acid,MeCN,NaHCO3,dtbpf,c1cc2cc(ccc2nc1)Br,B(c1c(ccc2c1cnn2C3CCCCO3)C)(O)O,CC#N.O,C(=O)(O)[O-].[Na+],CC(C)(C)P(C1=CC=C[CH]1)C(C)(C)C.CC(C)(C)P(C1=CC=C[CH]1)C(C)(C)C.[Fe],33.6087400359218,404,Cc1ccc2c(c1c3ccc4c(c3)cccn4)cnn2C5CCCCO5,CC(=O)O[Pd]OC(=O)C
144,6-triflatequinoline,Boronic Acid,MeCN,NaHCO3,dtbpf,c1cc2cc(ccc2nc1)OS(=O)(=O)C(F)(F)F,B(c1c(ccc2c1cnn2C3CCCCO3)C)(O)O,CC#N.O,C(=O)(O)[O-].[Na+],CC(C)(C)P(C1=CC=C[CH]1)C(C)(C)C.CC(C)(C)P(C1=CC=C[CH]1)C(C)(C)C.[Fe],40.6774291372956,788,Cc1ccc2c(c1c3ccc4c(c3)cccn4)cnn2C5CCCCO5,CC(=O)O[Pd]OC(=O)C
145,6-Bromoquinoline,Trifluoroborate,MeOH,NaHCO3,dtbpf,c1cc2cc(ccc2nc1)Br,[B-](c1c(ccc2c1cnn2C3CCCCO3)C)(F)(F)F.[K+],CO.O,C(=O)(O)[O-].[Na+],CC(C)(C)P(C1=CC=C[CH]1)C(C)(C)C.CC(C)(C)P(C1=CC=C[CH]1)C(C)(C)C.[Fe],26.9557615946915,4185,Cc1ccc2c(c1c3ccc4c(c3)cccn4)cnn2C5CCCCO5,CC(=O)O[Pd]OC(=O)C
146,6-Iodoquinoline,Boronic Acid,THF,NaHCO3,dtbpf,c1cc2cc(ccc2nc1)I,B(c1c(ccc2c1cnn2C3CCCCO3)C)(O)O,C1CCOC1.O,C(=O)(O)[O-].[Na+],CC(C)(C)P(C1=CC=C[CH]1)C(C)(C)C.CC(C)(C)P(C1=CC=C[CH]1)C(C)(C)C.[Fe],52.812543551642,1268,Cc1ccc2c(c1c3ccc4c(c3)cccn4)cnn2C5CCCCO5,CC(=O)O[Pd]OC(=O)C
147,6-triflatequinoline,Boronic Acid,THF,CsF,dtbpf,c1cc2cc(ccc2nc1)OS(=O)(=O)C(F)(F)F,B(c1c(ccc2c1cnn2C3CCCCO3)C)(O)O,C1CCOC1.O,[F-].[Cs+],CC(C)(C)P(C1=CC=C[CH]1)C(C)(C)C.CC(C)(C)P(C1=CC=C[CH]1)C(C)(C)C.[Fe],40.8470724018374,896,Cc1ccc2c(c1c3ccc4c(c3)cccn4)cnn2C5CCCCO5,CC(=O)O[Pd]OC(=O)C
148,6-Bromoquinoline,Boronic Ester,THF,CsF,dtbpf,c1cc2cc(ccc2nc1)Br,B1(OC(C(O1)(C)C)(C)C)c2c(ccc3c2cnn3C4CCCCO4)C,C1CCOC1.O,[F-].[Cs+],CC(C)(C)P(C1=CC=C[CH]1)C(C)(C)C.CC(C)(C)P(C1=CC=C[CH]1)C(C)(C)C.[Fe],38.8990395609926,2432,Cc1ccc2c(c1c3ccc4c(c3)cccn4)cnn2C5CCCCO5,CC(=O)O[Pd]OC(=O)C
149,6-Iodoquinoline,Boronic Ester,THF,CsF,dtbpf,c1cc2cc(ccc2nc1)I,B1(OC(C(O1)(C)C)(C)C)c2c(ccc3c2cnn3C4CCCCO4)C,C1CCOC1.O,[F-].[Cs+],CC(C)(C)P(C1=CC=C[CH]1)C(C)(C)C.CC(C)(C)P(C1=CC=C[CH]1)C(C)(C)C.[Fe],45.021128540438,2048,Cc1ccc2c(c1c3ccc4c(c3)cccn4)cnn2C5CCCCO5,CC(=O)O[Pd]OC(=O)C
150,6-chloroquinoline,Trifluoroborate,MeOH,K3PO4,dtbpf,c1cc2cc(ccc2nc1)Cl,[B-](c1c(ccc2c1cnn2C3CCCCO3)C)(F)(F)F.[K+],CO.O,[O-]P(=O)([O-])[O-].[K+].[K+].[K+],CC(C)(C)P(C1=CC=C[CH]1)C(C)(C)C.CC(C)(C)P(C1=CC=C[CH]1)C(C)(C)C.[Fe],21.3787262868951,4605,Cc1ccc2c(c1c3ccc4c(c3)cccn4)cnn2C5CCCCO5,CC(=O)O[Pd]OC(=O)C
151,6-triflatequinoline,Boronic Acid,MeCN,KOH,dtbpf,c1cc2cc(ccc2nc1)OS(=O)(=O)C(F)(F)F,B(c1c(ccc2c1cnn2C3CCCCO3)C)(O)O,CC#N.O,[OH-].[K+],CC(C)(C)P(C1=CC=C[CH]1)C(C)(C)C.CC(C)(C)P(C1=CC=C[CH]1)C(C)(C)C.[Fe],62.3644080548464,824,Cc1ccc2c(c1c3ccc4c(c3)cccn4)cnn2C5CCCCO5,CC(=O)O[Pd]OC(=O)C
152,6-Iodoquinoline,Boronic Acid,MeCN,KOH,dtbpf,c1cc2cc(ccc2nc1)I,B(c1c(ccc2c1cnn2C3CCCCO3)C)(O)O,CC#N.O,[OH-].[K+],CC(C)(C)P(C1=CC=C[CH]1)C(C)(C)C.CC(C)(C)P(C1=CC=C[CH]1)C(C)(C)C.[Fe],89.2666484008556,1208,Cc1ccc2c(c1c3ccc4c(c3)cccn4)cnn2C5CCCCO5,CC(=O)O[Pd]OC(=O)C
153,6-Iodoquinoline,Boronic Acid,DMF,LiOtBu,dtbpf,c1cc2cc(ccc2nc1)I,B(c1c(ccc2c1cnn2C3CCCCO3)C)(O)O,CN(C)C=O.O,[Li+].CC(C)(C)[O-],CC(C)(C)P(C1=CC=C[CH]1)C(C)(C)C.CC(C)(C)P(C1=CC=C[CH]1)C(C)(C)C.[Fe],83.9601648066985,1412,Cc1ccc2c(c1c3ccc4c(c3)cccn4)cnn2C5CCCCO5,CC(=O)O[Pd]OC(=O)C
154,6-chloroquinoline,Boronic Ester,THF,LiOtBu,dtbpf,c1cc2cc(ccc2nc1)Cl,B1(OC(C(O1)(C)C)(C)C)c2c(ccc3c2cnn3C4CCCCO4)C,C1CCOC1.O,[Li+].CC(C)(C)[O-],CC(C)(C)P(C1=CC=C[CH]1)C(C)(C)C.CC(C)(C)P(C1=CC=C[CH]1)C(C)(C)C.[Fe],18.223165974597,2852,Cc1ccc2c(c1c3ccc4c(c3)cccn4)cnn2C5CCCCO5,CC(=O)O[Pd]OC(=O)C
155,6-chloroquinoline,Boronic Acid,MeCN,None,dtbpf,c1cc2cc(ccc2nc1)Cl,B(c1c(ccc2c1cnn2C3CCCCO3)C)(O)O,CC#N.O,None,CC(C)(C)P(C1=CC=C[CH]1)C(C)(C)C.CC(C)(C)P(C1=CC=C[CH]1)C(C)(C)C.[Fe],6.42130859194569,92,Cc1ccc2c(c1c3ccc4c(c3)cccn4)cnn2C5CCCCO5,CC(=O)O[Pd]OC(=O)C
156,6-Iodoquinoline,Trifluoroborate,MeCN,None,dtbpf,c1cc2cc(ccc2nc1)I,[B-](c1c(ccc2c1cnn2C3CCCCO3)C)(F)(F)F.[K+],CC#N.O,None,CC(C)(C)P(C1=CC=C[CH]1)C(C)(C)C.CC(C)(C)P(C1=CC=C[CH]1)C(C)(C)C.[Fe],19.5034311457582,3465,Cc1ccc2c(c1c3ccc4c(c3)cccn4)cnn2C5CCCCO5,CC(=O)O[Pd]OC(=O)C
157,6-chloroquinoline,Boronic Ester,DMF,NaOH,XPhos,c1cc2cc(ccc2nc1)Cl,B1(OC(C(O1)(C)C)(C)C)c2c(ccc3c2cnn3C4CCCCO4)C,CN(C)C=O.O,[OH-].[Na+],CC(C)c1cc(c(c(c1)C(C)C)c2ccccc2P(C3CCCCC3)C4CCCCC4)C(C)C,86.5310085687301,2889,Cc1ccc2c(c1c3ccc4c(c3)cccn4)cnn2C5CCCCO5,CC(=O)O[Pd]OC(=O)C
158,6-Bromoquinoline,Boronic Ester,DMF,NaOH,XPhos,c1cc2cc(ccc2nc1)Br,B1(OC(C(O1)(C)C)(C)C)c2c(ccc3c2cnn3C4CCCCO4)C,CN(C)C=O.O,[OH-].[Na+],CC(C)c1cc(c(c(c1)C(C)C)c2ccccc2P(C3CCCCC3)C4CCCCC4)C(C)C,34.7415795283047,2505,Cc1ccc2c(c1c3ccc4c(c3)cccn4)cnn2C5CCCCO5,CC(=O)O[Pd]OC(=O)C
159,6-Iodoquinoline,Boronic Ester,DMF,NaOH,XPhos,c1cc2cc(ccc2nc1)I,B1(OC(C(O1)(C)C)(C)C)c2c(ccc3c2cnn3C4CCCCO4)C,CN(C)C=O.O,[OH-].[Na+],CC(C)c1cc(c(c(c1)C(C)C)c2ccccc2P(C3CCCCC3)C4CCCCC4)C(C)C,90.3412869547784,2121,Cc1ccc2c(c1c3ccc4c(c3)cccn4)cnn2C5CCCCO5,CC(=O)O[Pd]OC(=O)C
160,6-chloroquinoline,Trifluoroborate,DMF,NaOH,XPhos,c1cc2cc(ccc2nc1)Cl,[B-](c1c(ccc2c1cnn2C3CCCCO3)C)(F)(F)F.[K+],CN(C)C=O.O,[OH-].[Na+],CC(C)c1cc(c(c(c1)C(C)C)c2ccccc2P(C3CCCCC3)C4CCCCC4)C(C)C,16.9367555090247,4438,Cc1ccc2c(c1c3ccc4c(c3)cccn4)cnn2C5CCCCO5,CC(=O)O[Pd]OC(=O)C
161,6-triflatequinoline,Trifluoroborate,DMF,NaHCO3,XPhos,c1cc2cc(ccc2nc1)OS(=O)(=O)C(F)(F)F,[B-](c1c(ccc2c1cnn2C3CCCCO3)C)(F)(F)F.[K+],CN(C)C=O.O,C(=O)(O)[O-].[Na+],CC(C)c1cc(c(c(c1)C(C)C)c2ccccc2P(C3CCCCC3)C4CCCCC4)C(C)C,14.7257636749002,3322,Cc1ccc2c(c1c3ccc4c(c3)cccn4)cnn2C5CCCCO5,CC(=O)O[Pd]OC(=O)C
162,6-chloroquinoline,Boronic Acid,MeOH,NaHCO3,XPhos,c1cc2cc(ccc2nc1)Cl,B(c1c(ccc2c1cnn2C3CCCCO3)C)(O)O,CO.O,C(=O)(O)[O-].[Na+],CC(C)c1cc(c(c(c1)C(C)C)c2ccccc2P(C3CCCCC3)C4CCCCC4)C(C)C,30.9778179622142,309,Cc1ccc2c(c1c3ccc4c(c3)cccn4)cnn2C5CCCCO5,CC(=O)O[Pd]OC(=O)C
163,6-Bromoquinoline,Boronic Ester,MeOH,NaHCO3,XPhos,c1cc2cc(ccc2nc1)Br,B1(OC(C(O1)(C)C)(C)C)c2c(ccc3c2cnn3C4CCCCO4)C,CO.O,C(=O)(O)[O-].[Na+],CC(C)c1cc(c(c(c1)C(C)C)c2ccccc2P(C3CCCCC3)C4CCCCC4)C(C)C,29.6203866812903,2613,Cc1ccc2c(c1c3ccc4c(c3)cccn4)cnn2C5CCCCO5,CC(=O)O[Pd]OC(=O)C
164,6-triflatequinoline,Boronic Acid,DMF,CsF,XPhos,c1cc2cc(ccc2nc1)OS(=O)(=O)C(F)(F)F,B(c1c(ccc2c1cnn2C3CCCCO3)C)(O)O,CN(C)C=O.O,[F-].[Cs+],CC(C)c1cc(c(c(c1)C(C)C)c2ccccc2P(C3CCCCC3)C4CCCCC4)C(C)C,87.9862874986363,993,Cc1ccc2c(c1c3ccc4c(c3)cccn4)cnn2C5CCCCO5,CC(=O)O[Pd]OC(=O)C
165,6-Bromoquinoline,Boronic Ester,DMF,CsF,XPhos,c1cc2cc(ccc2nc1)Br,B1(OC(C(O1)(C)C)(C)C)c2c(ccc3c2cnn3C4CCCCO4)C,CN(C)C=O.O,[F-].[Cs+],CC(C)c1cc(c(c(c1)C(C)C)c2ccccc2P(C3CCCCC3)C4CCCCC4)C(C)C,21.8679716073896,2529,Cc1ccc2c(c1c3ccc4c(c3)cccn4)cnn2C5CCCCO5,CC(=O)O[Pd]OC(=O)C
166,6-triflatequinoline,Boronic Acid,THF,CsF,XPhos,c1cc2cc(ccc2nc1)OS(=O)(=O)C(F)(F)F,B(c1c(ccc2c1cnn2C3CCCCO3)C)(O)O,C1CCOC1.O,[F-].[Cs+],CC(C)c1cc(c(c(c1)C(C)C)c2ccccc2P(C3CCCCC3)C4CCCCC4)C(C)C,55.6587667829784,897,Cc1ccc2c(c1c3ccc4c(c3)cccn4)cnn2C5CCCCO5,CC(=O)O[Pd]OC(=O)C
167,6-triflatequinoline,Boronic Ester,THF,CsF,XPhos,c1cc2cc(ccc2nc1)OS(=O)(=O)C(F)(F)F,B1(OC(C(O1)(C)C)(C)C)c2c(ccc3c2cnn3C4CCCCO4)C,C1CCOC1.O,[F-].[Cs+],CC(C)c1cc(c(c(c1)C(C)C)c2ccccc2P(C3CCCCC3)C4CCCCC4)C(C)C,70.5068421279761,1665,Cc1ccc2c(c1c3ccc4c(c3)cccn4)cnn2C5CCCCO5,CC(=O)O[Pd]OC(=O)C
168,6-triflatequinoline,Boronic Acid,DMF,K3PO4,XPhos,c1cc2cc(ccc2nc1)OS(=O)(=O)C(F)(F)F,B(c1c(ccc2c1cnn2C3CCCCO3)C)(O)O,CN(C)C=O.O,[O-]P(=O)([O-])[O-].[K+].[K+].[K+],CC(C)c1cc(c(c(c1)C(C)C)c2ccccc2P(C3CCCCC3)C4CCCCC4)C(C)C,43.4972344170685,1005,Cc1ccc2c(c1c3ccc4c(c3)cccn4)cnn2C5CCCCO5,CC(=O)O[Pd]OC(=O)C
169,6-Iodoquinoline,Boronic Ester,DMF,K3PO4,XPhos,c1cc2cc(ccc2nc1)I,B1(OC(C(O1)(C)C)(C)C)c2c(ccc3c2cnn3C4CCCCO4)C,CN(C)C=O.O,[O-]P(=O)([O-])[O-].[K+].[K+].[K+],CC(C)c1cc(c(c(c1)C(C)C)c2ccccc2P(C3CCCCC3)C4CCCCC4)C(C)C,51.2806986262864,2157,Cc1ccc2c(c1c3ccc4c(c3)cccn4)cnn2C5CCCCO5,CC(=O)O[Pd]OC(=O)C
170,6-Iodoquinoline,Boronic Ester,DMF,KOH,XPhos,c1cc2cc(ccc2nc1)I,B1(OC(C(O1)(C)C)(C)C)c2c(ccc3c2cnn3C4CCCCO4)C,CN(C)C=O.O,[OH-].[K+],CC(C)c1cc(c(c(c1)C(C)C)c2ccccc2P(C3CCCCC3)C4CCCCC4)C(C)C,85.9595559123163,2169,Cc1ccc2c(c1c3ccc4c(c3)cccn4)cnn2C5CCCCO5,CC(=O)O[Pd]OC(=O)C
171,6-chloroquinoline,Boronic Acid,MeCN,KOH,XPhos,c1cc2cc(ccc2nc1)Cl,B(c1c(ccc2c1cnn2C3CCCCO3)C)(O)O,CC#N.O,[OH-].[K+],CC(C)c1cc(c(c(c1)C(C)C)c2ccccc2P(C3CCCCC3)C4CCCCC4)C(C)C,92.2242386465952,57,Cc1ccc2c(c1c3ccc4c(c3)cccn4)cnn2C5CCCCO5,CC(=O)O[Pd]OC(=O)C
172,6-triflatequinoline,Trifluoroborate,THF,KOH,XPhos,c1cc2cc(ccc2nc1)OS(=O)(=O)C(F)(F)F,[B-](c1c(ccc2c1cnn2C3CCCCO3)C)(F)(F)F.[K+],C1CCOC1.O,[OH-].[K+],CC(C)c1cc(c(c(c1)C(C)C)c2ccccc2P(C3CCCCC3)C4CCCCC4)C(C)C,18.4099755047024,3202,Cc1ccc2c(c1c3ccc4c(c3)cccn4)cnn2C5CCCCO5,CC(=O)O[Pd]OC(=O)C
173,6-Bromoquinoline,Boronic Acid,DMF,LiOtBu,XPhos,c1cc2cc(ccc2nc1)Br,B(c1c(ccc2c1cnn2C3CCCCO3)C)(O)O,CN(C)C=O.O,[Li+].CC(C)(C)[O-],CC(C)c1cc(c(c(c1)C(C)C)c2ccccc2P(C3CCCCC3)C4CCCCC4)C(C)C,18.9501409993351,645,Cc1ccc2c(c1c3ccc4c(c3)cccn4)cnn2C5CCCCO5,CC(=O)O[Pd]OC(=O)C
174,6-Iodoquinoline,Boronic Acid,DMF,LiOtBu,XPhos,c1cc2cc(ccc2nc1)I,B(c1c(ccc2c1cnn2C3CCCCO3)C)(O)O,CN(C)C=O.O,[Li+].CC(C)(C)[O-],CC(C)c1cc(c(c(c1)C(C)C)c2ccccc2P(C3CCCCC3)C4CCCCC4)C(C)C,75.2941043352629,1413,Cc1ccc2c(c1c3ccc4c(c3)cccn4)cnn2C5CCCCO5,CC(=O)O[Pd]OC(=O)C
175,6-triflatequinoline,Trifluoroborate,THF,LiOtBu,XPhos,c1cc2cc(ccc2nc1)OS(=O)(=O)C(F)(F)F,[B-](c1c(ccc2c1cnn2C3CCCCO3)C)(F)(F)F.[K+],C1CCOC1.O,[Li+].CC(C)(C)[O-],CC(C)c1cc(c(c(c1)C(C)C)c2ccccc2P(C3CCCCC3)C4CCCCC4)C(C)C,15.2903976384162,3214,Cc1ccc2c(c1c3ccc4c(c3)cccn4)cnn2C5CCCCO5,CC(=O)O[Pd]OC(=O)C
176,6-triflatequinoline,Boronic Ester,MeOH,Et3N,XPhos,c1cc2cc(ccc2nc1)OS(=O)(=O)C(F)(F)F,B1(OC(C(O1)(C)C)(C)C)c2c(ccc3c2cnn3C4CCCCO4)C,CO.O,CCN(CC)CC,CC(C)c1cc(c(c(c1)C(C)C)c2ccccc2P(C3CCCCC3)C4CCCCC4)C(C)C,40.3195272391227,1905,Cc1ccc2c(c1c3ccc4c(c3)cccn4)cnn2C5CCCCO5,CC(=O)O[Pd]OC(=O)C
177,6-chloroquinoline,Boronic Acid,DMF,None,XPhos,c1cc2cc(ccc2nc1)Cl,B(c1c(ccc2c1cnn2C3CCCCO3)C)(O)O,CN(C)C=O.O,None,CC(C)c1cc(c(c(c1)C(C)C)c2ccccc2P(C3CCCCC3)C4CCCCC4)C(C)C,43.5209625584725,285,Cc1ccc2c(c1c3ccc4c(c3)cccn4)cnn2C5CCCCO5,CC(=O)O[Pd]OC(=O)C
178,6-triflatequinoline,Trifluoroborate,MeOH,None,XPhos,c1cc2cc(ccc2nc1)OS(=O)(=O)C(F)(F)F,[B-](c1c(ccc2c1cnn2C3CCCCO3)C)(F)(F)F.[K+],CO.O,None,CC(C)c1cc(c(c(c1)C(C)C)c2ccccc2P(C3CCCCC3)C4CCCCC4)C(C)C,27.6853289645105,3370,Cc1ccc2c(c1c3ccc4c(c3)cccn4)cnn2C5CCCCO5,CC(=O)O[Pd]OC(=O)C
179,6-Bromoquinoline,Boronic Acid,DMF,NaOH,dppf,c1cc2cc(ccc2nc1)Br,B(c1c(ccc2c1cnn2C3CCCCO3)C)(O)O,CN(C)C=O.O,[OH-].[Na+],c1ccc(cc1)P([c-]2cccc2)c3ccccc3.c1ccc(cc1)P([c-]2cccc2)c3ccccc3.[Fe+2],13.839477147164,586,Cc1ccc2c(c1c3ccc4c(c3)cccn4)cnn2C5CCCCO5,CC(=O)O[Pd]OC(=O)C
180,6-chloroquinoline,Boronic Acid,THF,NaOH,dppf,c1cc2cc(ccc2nc1)Cl,B(c1c(ccc2c1cnn2C3CCCCO3)C)(O)O,C1CCOC1.O,[OH-].[Na+],c1ccc(cc1)P([c-]2cccc2)c3ccccc3.c1ccc(cc1)P([c-]2cccc2)c3ccccc3.[Fe+2],27.9254607314512,106,Cc1ccc2c(c1c3ccc4c(c3)cccn4)cnn2C5CCCCO5,CC(=O)O[Pd]OC(=O)C
181,6-Iodoquinoline,Boronic Acid,DMF,NaHCO3,dppf,c1cc2cc(ccc2nc1)I,B(c1c(ccc2c1cnn2C3CCCCO3)C)(O)O,CN(C)C=O.O,C(=O)(O)[O-].[Na+],c1ccc(cc1)P([c-]2cccc2)c3ccccc3.c1ccc(cc1)P([c-]2cccc2)c3ccccc3.[Fe+2],80.6267957935389,1366,Cc1ccc2c(c1c3ccc4c(c3)cccn4)cnn2C5CCCCO5,CC(=O)O[Pd]OC(=O)C
182,6-chloroquinoline,Boronic Acid,MeCN,NaHCO3,dppf,c1cc2cc(ccc2nc1)Cl,B(c1c(ccc2c1cnn2C3CCCCO3)C)(O)O,CC#N.O,C(=O)(O)[O-].[Na+],c1ccc(cc1)P([c-]2cccc2)c3ccccc3.c1ccc(cc1)P([c-]2cccc2)c3ccccc3.[Fe+2],13.6803816727274,22,Cc1ccc2c(c1c3ccc4c(c3)cccn4)cnn2C5CCCCO5,CC(=O)O[Pd]OC(=O)C
183,6-triflatequinoline,Boronic Ester,MeCN,NaHCO3,dppf,c1cc2cc(ccc2nc1)OS(=O)(=O)C(F)(F)F,B1(OC(C(O1)(C)C)(C)C)c2c(ccc3c2cnn3C4CCCCO4)C,CC#N.O,C(=O)(O)[O-].[Na+],c1ccc(cc1)P([c-]2cccc2)c3ccccc3.c1ccc(cc1)P([c-]2cccc2)c3ccccc3.[Fe+2],61.6163920814564,1558,Cc1ccc2c(c1c3ccc4c(c3)cccn4)cnn2C5CCCCO5,CC(=O)O[Pd]OC(=O)C
184,6-Bromoquinoline,Boronic Ester,MeOH,NaHCO3,dppf,c1cc2cc(ccc2nc1)Br,B1(OC(C(O1)(C)C)(C)C)c2c(ccc3c2cnn3C4CCCCO4)C,CO.O,C(=O)(O)[O-].[Na+],c1ccc(cc1)P([c-]2cccc2)c3ccccc3.c1ccc(cc1)P([c-]2cccc2)c3ccccc3.[Fe+2],10.2816570807583,2614,Cc1ccc2c(c1c3ccc4c(c3)cccn4)cnn2C5CCCCO5,CC(=O)O[Pd]OC(=O)C
185,6-Iodoquinoline,Trifluoroborate,THF,NaHCO3,dppf,c1cc2cc(ccc2nc1)I,[B-](c1c(ccc2c1cnn2C3CCCCO3)C)(F)(F)F.[K+],C1CCOC1.O,C(=O)(O)[O-].[Na+],c1ccc(cc1)P([c-]2cccc2)c3ccccc3.c1ccc(cc1)P([c-]2cccc2)c3ccccc3.[Fe+2],31.1506427876105,3611,Cc1ccc2c(c1c3ccc4c(c3)cccn4)cnn2C5CCCCO5,CC(=O)O[Pd]OC(=O)C
186,6-triflatequinoline,Trifluoroborate,DMF,CsF,dppf,c1cc2cc(ccc2nc1)OS(=O)(=O)C(F)(F)F,[B-](c1c(ccc2c1cnn2C3CCCCO3)C)(F)(F)F.[K+],CN(C)C=O.O,[F-].[Cs+],c1ccc(cc1)P([c-]2cccc2)c3ccccc3.c1ccc(cc1)P([c-]2cccc2)c3ccccc3.[Fe+2],17.2836310764969,3347,Cc1ccc2c(c1c3ccc4c(c3)cccn4)cnn2C5CCCCO5,CC(=O)O[Pd]OC(=O)C
187,6-chloroquinoline,Boronic Ester,THF,CsF,dppf,c1cc2cc(ccc2nc1)Cl,B1(OC(C(O1)(C)C)(C)C)c2c(ccc3c2cnn3C4CCCCO4)C,C1CCOC1.O,[F-].[Cs+],c1ccc(cc1)P([c-]2cccc2)c3ccccc3.c1ccc(cc1)P([c-]2cccc2)c3ccccc3.[Fe+2],26.2076143500747,2818,Cc1ccc2c(c1c3ccc4c(c3)cccn4)cnn2C5CCCCO5,CC(=O)O[Pd]OC(=O)C
188,6-Bromoquinoline,Boronic Acid,DMF,K3PO4,dppf,c1cc2cc(ccc2nc1)Br,B(c1c(ccc2c1cnn2C3CCCCO3)C)(O)O,CN(C)C=O.O,[O-]P(=O)([O-])[O-].[K+].[K+].[K+],c1ccc(cc1)P([c-]2cccc2)c3ccccc3.c1ccc(cc1)P([c-]2cccc2)c3ccccc3.[Fe+2],12.7626401227081,622,Cc1ccc2c(c1c3ccc4c(c3)cccn4)cnn2C5CCCCO5,CC(=O)O[Pd]OC(=O)C
189,6-Bromoquinoline,Boronic Ester,MeCN,K3PO4,dppf,c1cc2cc(ccc2nc1)Br,B1(OC(C(O1)(C)C)(C)C)c2c(ccc3c2cnn3C4CCCCO4)C,CC#N.O,[O-]P(=O)([O-])[O-].[K+].[K+].[K+],c1ccc(cc1)P([c-]2cccc2)c3ccccc3.c1ccc(cc1)P([c-]2cccc2)c3ccccc3.[Fe+2],40.0428794492232,2350,Cc1ccc2c(c1c3ccc4c(c3)cccn4)cnn2C5CCCCO5,CC(=O)O[Pd]OC(=O)C
190,6-chloroquinoline,Trifluoroborate,MeCN,KOH,dppf,c1cc2cc(ccc2nc1)Cl,[B-](c1c(ccc2c1cnn2C3CCCCO3)C)(F)(F)F.[K+],CC#N.O,[OH-].[K+],c1ccc(cc1)P([c-]2cccc2)c3ccccc3.c1ccc(cc1)P([c-]2cccc2)c3ccccc3.[Fe+2],23.8459294972451,4259,Cc1ccc2c(c1c3ccc4c(c3)cccn4)cnn2C5CCCCO5,CC(=O)O[Pd]OC(=O)C
191,6-Bromoquinoline,Boronic Acid,MeOH,LiOtBu,dppf,c1cc2cc(ccc2nc1)Br,B(c1c(ccc2c1cnn2C3CCCCO3)C)(O)O,CO.O,[Li+].CC(C)(C)[O-],c1ccc(cc1)P([c-]2cccc2)c3ccccc3.c1ccc(cc1)P([c-]2cccc2)c3ccccc3.[Fe+2],21.4079797275444,742,Cc1ccc2c(c1c3ccc4c(c3)cccn4)cnn2C5CCCCO5,CC(=O)O[Pd]OC(=O)C
192,6-triflatequinoline,Boronic Ester,DMF,Et3N,dppf,c1cc2cc(ccc2nc1)OS(=O)(=O)C(F)(F)F,B1(OC(C(O1)(C)C)(C)C)c2c(ccc3c2cnn3C4CCCCO4)C,CN(C)C=O.O,CCN(CC)CC,c1ccc(cc1)P([c-]2cccc2)c3ccccc3.c1ccc(cc1)P([c-]2cccc2)c3ccccc3.[Fe+2],7.6556131659557,1810,Cc1ccc2c(c1c3ccc4c(c3)cccn4)cnn2C5CCCCO5,CC(=O)O[Pd]OC(=O)C
193,6-triflatequinoline,Trifluoroborate,DMF,None,dppf,c1cc2cc(ccc2nc1)OS(=O)(=O)C(F)(F)F,[B-](c1c(ccc2c1cnn2C3CCCCO3)C)(F)(F)F.[K+],CN(C)C=O.O,None,c1ccc(cc1)P([c-]2cccc2)c3ccccc3.c1ccc(cc1)P([c-]2cccc2)c3ccccc3.[Fe+2],22.9104949880054,3275,Cc1ccc2c(c1c3ccc4c(c3)cccn4)cnn2C5CCCCO5,CC(=O)O[Pd]OC(=O)C
194,6-Bromoquinoline,Boronic Acid,MeCN,None,dppf,c1cc2cc(ccc2nc1)Br,B(c1c(ccc2c1cnn2C3CCCCO3)C)(O)O,CC#N.O,None,c1ccc(cc1)P([c-]2cccc2)c3ccccc3.c1ccc(cc1)P([c-]2cccc2)c3ccccc3.[Fe+2],62.1278487707647,478,Cc1ccc2c(c1c3ccc4c(c3)cccn4)cnn2C5CCCCO5,CC(=O)O[Pd]OC(=O)C
195,6-chloroquinoline,Trifluoroborate,DMF,NaOH,Xantphos,c1cc2cc(ccc2nc1)Cl,[B-](c1c(ccc2c1cnn2C3CCCCO3)C)(F)(F)F.[K+],CN(C)C=O.O,[OH-].[Na+],CC1(c2cccc(c2Oc3c1cccc3P(c4ccccc4)c5ccccc5)P(c6ccccc6)c7ccccc7)C,18.0471775974517,4440,Cc1ccc2c(c1c3ccc4c(c3)cccn4)cnn2C5CCCCO5,CC(=O)O[Pd]OC(=O)C
196,6-triflatequinoline,Trifluoroborate,THF,NaOH,Xantphos,c1cc2cc(ccc2nc1)OS(=O)(=O)C(F)(F)F,[B-](c1c(ccc2c1cnn2C3CCCCO3)C)(F)(F)F.[K+],C1CCOC1.O,[OH-].[Na+],CC1(c2cccc(c2Oc3c1cccc3P(c4ccccc4)c5ccccc5)P(c6ccccc6)c7ccccc7)C,17.2398359278094,3192,Cc1ccc2c(c1c3ccc4c(c3)cccn4)cnn2C5CCCCO5,CC(=O)O[Pd]OC(=O)C
197,6-Bromoquinoline,Boronic Ester,MeCN,NaHCO3,Xantphos,c1cc2cc(ccc2nc1)Br,B1(OC(C(O1)(C)C)(C)C)c2c(ccc3c2cnn3C4CCCCO4)C,CC#N.O,C(=O)(O)[O-].[Na+],CC1(c2cccc(c2Oc3c1cccc3P(c4ccccc4)c5ccccc5)P(c6ccccc6)c7ccccc7)C,0.0,2327,Cc1ccc2c(c1c3ccc4c(c3)cccn4)cnn2C5CCCCO5,CC(=O)O[Pd]OC(=O)C
198,6-triflatequinoline,Boronic Acid,THF,NaHCO3,Xantphos,c1cc2cc(ccc2nc1)OS(=O)(=O)C(F)(F)F,B(c1c(ccc2c1cnn2C3CCCCO3)C)(O)O,C1CCOC1.O,C(=O)(O)[O-].[Na+],CC1(c2cccc(c2Oc3c1cccc3P(c4ccccc4)c5ccccc5)P(c6ccccc6)c7ccccc7)C,8.25821294321349,887,Cc1ccc2c(c1c3ccc4c(c3)cccn4)cnn2C5CCCCO5,CC(=O)O[Pd]OC(=O)C
199,6-Bromoquinoline,Trifluoroborate,THF,NaHCO3,Xantphos,c1cc2cc(ccc2nc1)Br,[B-](c1c(ccc2c1cnn2C3CCCCO3)C)(F)(F)F.[K+],C1CCOC1.O,C(=O)(O)[O-].[Na+],CC1(c2cccc(c2Oc3c1cccc3P(c4ccccc4)c5ccccc5)P(c6ccccc6)c7ccccc7)C,20.0890295044399,3996,Cc1ccc2c(c1c3ccc4c(c3)cccn4)cnn2C5CCCCO5,CC(=O)O[Pd]OC(=O)C
200,6-chloroquinoline,Trifluoroborate,DMF,CsF,Xantphos,c1cc2cc(ccc2nc1)Cl,[B-](c1c(ccc2c1cnn2C3CCCCO3)C)(F)(F)F.[K+],CN(C)C=O.O,[F-].[Cs+],CC1(c2cccc(c2Oc3c1cccc3P(c4ccccc4)c5ccccc5)P(c6ccccc6)c7ccccc7)C,18.0895932638592,4500,Cc1ccc2c(c1c3ccc4c(c3)cccn4)cnn2C5CCCCO5,CC(=O)O[Pd]OC(=O)C
201,6-Bromoquinoline,Trifluoroborate,DMF,CsF,Xantphos,c1cc2cc(ccc2nc1)Br,[B-](c1c(ccc2c1cnn2C3CCCCO3)C)(F)(F)F.[K+],CN(C)C=O.O,[F-].[Cs+],CC1(c2cccc(c2Oc3c1cccc3P(c4ccccc4)c5ccccc5)P(c6ccccc6)c7ccccc7)C,14.7027602311817,4116,Cc1ccc2c(c1c3ccc4c(c3)cccn4)cnn2C5CCCCO5,CC(=O)O[Pd]OC(=O)C
202,6-triflatequinoline,Boronic Ester,THF,CsF,Xantphos,c1cc2cc(ccc2nc1)OS(=O)(=O)C(F)(F)F,B1(OC(C(O1)(C)C)(C)C)c2c(ccc3c2cnn3C4CCCCO4)C,C1CCOC1.O,[F-].[Cs+],CC1(c2cccc(c2Oc3c1cccc3P(c4ccccc4)c5ccccc5)P(c6ccccc6)c7ccccc7)C,12.0576195929311,1667,Cc1ccc2c(c1c3ccc4c(c3)cccn4)cnn2C5CCCCO5,CC(=O)O[Pd]OC(=O)C
203,6-Bromoquinoline,Boronic Acid,DMF,K3PO4,Xantphos,c1cc2cc(ccc2nc1)Br,B(c1c(ccc2c1cnn2C3CCCCO3)C)(O)O,CN(C)C=O.O,[O-]P(=O)([O-])[O-].[K+].[K+].[K+],CC1(c2cccc(c2Oc3c1cccc3P(c4ccccc4)c5ccccc5)P(c6ccccc6)c7ccccc7)C,1.37662012200758,623,Cc1ccc2c(c1c3ccc4c(c3)cccn4)cnn2C5CCCCO5,CC(=O)O[Pd]OC(=O)C
204,6-Bromoquinoline,Boronic Ester,MeOH,K3PO4,Xantphos,c1cc2cc(ccc2nc1)Br,B1(OC(C(O1)(C)C)(C)C)c2c(ccc3c2cnn3C4CCCCO4)C,CO.O,[O-]P(=O)([O-])[O-].[K+].[K+].[K+],CC1(c2cccc(c2Oc3c1cccc3P(c4ccccc4)c5ccccc5)P(c6ccccc6)c7ccccc7)C,1.79404991984808,2639,Cc1ccc2c(c1c3ccc4c(c3)cccn4)cnn2C5CCCCO5,CC(=O)O[Pd]OC(=O)C
205,6-Iodoquinoline,Boronic Acid,DMF,KOH,Xantphos,c1cc2cc(ccc2nc1)I,B(c1c(ccc2c1cnn2C3CCCCO3)C)(O)O,CN(C)C=O.O,[OH-].[K+],CC1(c2cccc(c2Oc3c1cccc3P(c4ccccc4)c5ccccc5)P(c6ccccc6)c7ccccc7)C,65.8132431711666,1403,Cc1ccc2c(c1c3ccc4c(c3)cccn4)cnn2C5CCCCO5,CC(=O)O[Pd]OC(=O)C
206,6-Iodoquinoline,Boronic Ester,MeOH,KOH,Xantphos,c1cc2cc(ccc2nc1)I,B1(OC(C(O1)(C)C)(C)C)c2c(ccc3c2cnn3C4CCCCO4)C,CO.O,[OH-].[K+],CC1(c2cccc(c2Oc3c1cccc3P(c4ccccc4)c5ccccc5)P(c6ccccc6)c7ccccc7)C,75.0570288082755,2267,Cc1ccc2c(c1c3ccc4c(c3)cccn4)cnn2C5CCCCO5,CC(=O)O[Pd]OC(=O)C
207,6-chloroquinoline,Boronic Acid,THF,KOH,Xantphos,c1cc2cc(ccc2nc1)Cl,B(c1c(ccc2c1cnn2C3CCCCO3)C)(O)O,C1CCOC1.O,[OH-].[K+],CC1(c2cccc(c2Oc3c1cccc3P(c4ccccc4)c5ccccc5)P(c6ccccc6)c7ccccc7)C,4.54255057271249,155,Cc1ccc2c(c1c3ccc4c(c3)cccn4)cnn2C5CCCCO5,CC(=O)O[Pd]OC(=O)C
208,6-Iodoquinoline,Boronic Acid,DMF,LiOtBu,Xantphos,c1cc2cc(ccc2nc1)I,B(c1c(ccc2c1cnn2C3CCCCO3)C)(O)O,CN(C)C=O.O,[Li+].CC(C)(C)[O-],CC1(c2cccc(c2Oc3c1cccc3P(c4ccccc4)c5ccccc5)P(c6ccccc6)c7ccccc7)C,51.765670320219,1415,Cc1ccc2c(c1c3ccc4c(c3)cccn4)cnn2C5CCCCO5,CC(=O)O[Pd]OC(=O)C
209,6-chloroquinoline,Boronic Ester,DMF,LiOtBu,Xantphos,c1cc2cc(ccc2nc1)Cl,B1(OC(C(O1)(C)C)(C)C)c2c(ccc3c2cnn3C4CCCCO4)C,CN(C)C=O.O,[Li+].CC(C)(C)[O-],CC1(c2cccc(c2Oc3c1cccc3P(c4ccccc4)c5ccccc5)P(c6ccccc6)c7ccccc7)C,6.47518145704488,2951,Cc1ccc2c(c1c3ccc4c(c3)cccn4)cnn2C5CCCCO5,CC(=O)O[Pd]OC(=O)C
210,6-triflatequinoline,Trifluoroborate,DMF,LiOtBu,Xantphos,c1cc2cc(ccc2nc1)OS(=O)(=O)C(F)(F)F,[B-](c1c(ccc2c1cnn2C3CCCCO3)C)(F)(F)F.[K+],CN(C)C=O.O,[Li+].CC(C)(C)[O-],CC1(c2cccc(c2Oc3c1cccc3P(c4ccccc4)c5ccccc5)P(c6ccccc6)c7ccccc7)C,12.907972317108,3312,Cc1ccc2c(c1c3ccc4c(c3)cccn4)cnn2C5CCCCO5,CC(=O)O[Pd]OC(=O)C
211,6-chloroquinoline,Boronic Acid,MeCN,LiOtBu,Xantphos,c1cc2cc(ccc2nc1)Cl,B(c1c(ccc2c1cnn2C3CCCCO3)C)(O)O,CC#N.O,[Li+].CC(C)(C)[O-],CC1(c2cccc(c2Oc3c1cccc3P(c4ccccc4)c5ccccc5)P(c6ccccc6)c7ccccc7)C,2.42654830002009,71,Cc1ccc2c(c1c3ccc4c(c3)cccn4)cnn2C5CCCCO5,CC(=O)O[Pd]OC(=O)C
212,6-chloroquinoline,Boronic Acid,MeOH,LiOtBu,Xantphos,c1cc2cc(ccc2nc1)Cl,B(c1c(ccc2c1cnn2C3CCCCO3)C)(O)O,CO.O,[Li+].CC(C)(C)[O-],CC1(c2cccc(c2Oc3c1cccc3P(c4ccccc4)c5ccccc5)P(c6ccccc6)c7ccccc7)C,25.5475487427508,359,Cc1ccc2c(c1c3ccc4c(c3)cccn4)cnn2C5CCCCO5,CC(=O)O[Pd]OC(=O)C
213,6-Iodoquinoline,Boronic Acid,MeCN,None,Xantphos,c1cc2cc(ccc2nc1)I,B(c1c(ccc2c1cnn2C3CCCCO3)C)(O)O,CC#N.O,None,CC1(c2cccc(c2Oc3c1cccc3P(c4ccccc4)c5ccccc5)P(c6ccccc6)c7ccccc7)C,45.4087854913226,1247,Cc1ccc2c(c1c3ccc4c(c3)cccn4)cnn2C5CCCCO5,CC(=O)O[Pd]OC(=O)C
214,6-Iodoquinoline,Boronic Ester,DMF,NaOH,None,c1cc2cc(ccc2nc1)I,B1(OC(C(O1)(C)C)(C)C)c2c(ccc3c2cnn3C4CCCCO4)C,CN(C)C=O.O,[OH-].[Na+],None,49.4133548515836,2124,Cc1ccc2c(c1c3ccc4c(c3)cccn4)cnn2C5CCCCO5,CC(=O)O[Pd]OC(=O)C
215,6-triflatequinoline,Trifluoroborate,THF,NaOH,None,c1cc2cc(ccc2nc1)OS(=O)(=O)C(F)(F)F,[B-](c1c(ccc2c1cnn2C3CCCCO3)C)(F)(F)F.[K+],C1CCOC1.O,[OH-].[Na+],None,19.8249609181152,3181,Cc1ccc2c(c1c3ccc4c(c3)cccn4)cnn2C5CCCCO5,CC(=O)O[Pd]OC(=O)C
216,6-Bromoquinoline,Boronic Acid,MeCN,NaHCO3,None,c1cc2cc(ccc2nc1)Br,B(c1c(ccc2c1cnn2C3CCCCO3)C)(O)O,CC#N.O,C(=O)(O)[O-].[Na+],None,23.1702052678754,408,Cc1ccc2c(c1c3ccc4c(c3)cccn4)cnn2C5CCCCO5,CC(=O)O[Pd]OC(=O)C
217,6-Bromoquinoline,Boronic Acid,THF,NaHCO3,None,c1cc2cc(ccc2nc1)Br,B(c1c(ccc2c1cnn2C3CCCCO3)C)(O)O,C1CCOC1.O,C(=O)(O)[O-].[Na+],None,5.90294347881147,504,Cc1ccc2c(c1c3ccc4c(c3)cccn4)cnn2C5CCCCO5,CC(=O)O[Pd]OC(=O)C
218,6-Bromoquinoline,Boronic Ester,MeOH,CsF,None,c1cc2cc(ccc2nc1)Br,B1(OC(C(O1)(C)C)(C)C)c2c(ccc3c2cnn3C4CCCCO4)C,CO.O,[F-].[Cs+],None,9.48424248908904,2628,Cc1ccc2c(c1c3ccc4c(c3)cccn4)cnn2C5CCCCO5,CC(=O)O[Pd]OC(=O)C
219,6-Iodoquinoline,Boronic Ester,THF,CsF,None,c1cc2cc(ccc2nc1)I,B1(OC(C(O1)(C)C)(C)C)c2c(ccc3c2cnn3C4CCCCO4)C,C1CCOC1.O,[F-].[Cs+],None,35.6475675053292,2052,Cc1ccc2c(c1c3ccc4c(c3)cccn4)cnn2C5CCCCO5,CC(=O)O[Pd]OC(=O)C
220,6-Bromoquinoline,Boronic Acid,MeCN,K3PO4,None,c1cc2cc(ccc2nc1)Br,B(c1c(ccc2c1cnn2C3CCCCO3)C)(O)O,CC#N.O,[O-]P(=O)([O-])[O-].[K+].[K+].[K+],None,10.1332077670422,432,Cc1ccc2c(c1c3ccc4c(c3)cccn4)cnn2C5CCCCO5,CC(=O)O[Pd]OC(=O)C
221,6-Bromoquinoline,Trifluoroborate,MeCN,K3PO4,None,c1cc2cc(ccc2nc1)Br,[B-](c1c(ccc2c1cnn2C3CCCCO3)C)(F)(F)F.[K+],CC#N.O,[O-]P(=O)([O-])[O-].[K+].[K+].[K+],None,16.9248697498483,3925,Cc1ccc2c(c1c3ccc4c(c3)cccn4)cnn2C5CCCCO5,CC(=O)O[Pd]OC(=O)C
222,6-Bromoquinoline,Trifluoroborate,MeCN,KOH,None,c1cc2cc(ccc2nc1)Br,[B-](c1c(ccc2c1cnn2C3CCCCO3)C)(F)(F)F.[K+],CC#N.O,[OH-].[K+],None,12.9252399010177,3865,Cc1ccc2c(c1c3ccc4c(c3)cccn4)cnn2C5CCCCO5,CC(=O)O[Pd]OC(=O)C
223,6-Iodoquinoline,Boronic Acid,MeOH,KOH,None,c1cc2cc(ccc2nc1)I,B(c1c(ccc2c1cnn2C3CCCCO3)C)(O)O,CO.O,[OH-].[K+],None,90.7888162800506,1500,Cc1ccc2c(c1c3ccc4c(c3)cccn4)cnn2C5CCCCO5,CC(=O)O[Pd]OC(=O)C
224,6-Bromoquinoline,Boronic Ester,DMF,LiOtBu,None,c1cc2cc(ccc2nc1)Br,B1(OC(C(O1)(C)C)(C)C)c2c(ccc3c2cnn3C4CCCCO4)C,CN(C)C=O.O,[Li+].CC(C)(C)[O-],None,4.91099216253518,2568,Cc1ccc2c(c1c3ccc4c(c3)cccn4)cnn2C5CCCCO5,CC(=O)O[Pd]OC(=O)C
225,6-chloroquinoline,Trifluoroborate,DMF,LiOtBu,None,c1cc2cc(ccc2nc1)Cl,[B-](c1c(ccc2c1cnn2C3CCCCO3)C)(F)(F)F.[K+],CN(C)C=O.O,[Li+].CC(C)(C)[O-],None,50.9337025338294,4453,Cc1ccc2c(c1c3ccc4c(c3)cccn4)cnn2C5CCCCO5,CC(=O)O[Pd]OC(=O)C
226,6-chloroquinoline,Boronic Acid,MeCN,LiOtBu,None,c1cc2cc(ccc2nc1)Cl,B(c1c(ccc2c1cnn2C3CCCCO3)C)(O)O,CC#N.O,[Li+].CC(C)(C)[O-],None,17.1759038844819,72,Cc1ccc2c(c1c3ccc4c(c3)cccn4)cnn2C5CCCCO5,CC(=O)O[Pd]OC(=O)C
227,6-triflatequinoline,Trifluoroborate,THF,LiOtBu,None,c1cc2cc(ccc2nc1)OS(=O)(=O)C(F)(F)F,[B-](c1c(ccc2c1cnn2C3CCCCO3)C)(F)(F)F.[K+],C1CCOC1.O,[Li+].CC(C)(C)[O-],None,19.5931040205759,3205,Cc1ccc2c(c1c3ccc4c(c3)cccn4)cnn2C5CCCCO5,CC(=O)O[Pd]OC(=O)C
228,6-Bromoquinoline,Boronic Ester,MeCN,Et3N,None,c1cc2cc(ccc2nc1)Br,B1(OC(C(O1)(C)C)(C)C)c2c(ccc3c2cnn3C4CCCCO4)C,CC#N.O,CCN(CC)CC,None,12.7026933618309,2388,Cc1ccc2c(c1c3ccc4c(c3)cccn4)cnn2C5CCCCO5,CC(=O)O[Pd]OC(=O)C
229,6-triflatequinoline,Boronic Acid,MeOH,Et3N,None,c1cc2cc(ccc2nc1)OS(=O)(=O)C(F)(F)F,B(c1c(ccc2c1cnn2C3CCCCO3)C)(O)O,CO.O,CCN(CC)CC,None,45.3749842677043,1140,Cc1ccc2c(c1c3ccc4c(c3)cccn4)cnn2C5CCCCO5,CC(=O)O[Pd]OC(=O)C
230,6-chloroquinoline,Trifluoroborate,DMF,None,None,c1cc2cc(ccc2nc1)Cl,[B-](c1c(ccc2c1cnn2C3CCCCO3)C)(F)(F)F.[K+],CN(C)C=O.O,None,None,18.4778622027099,4417,Cc1ccc2c(c1c3ccc4c(c3)cccn4)cnn2C5CCCCO5,CC(=O)O[Pd]OC(=O)C
231,6-Iodoquinoline,Trifluoroborate,MeCN,None,None,c1cc2cc(ccc2nc1)I,[B-](c1c(ccc2c1cnn2C3CCCCO3)C)(F)(F)F.[K+],CC#N.O,None,None,15.6881688723221,3457,Cc1ccc2c(c1c3ccc4c(c3)cccn4)cnn2C5CCCCO5,CC(=O)O[Pd]OC(=O)C
232,6-Bromoquinoline,Trifluoroborate,THF,None,None,c1cc2cc(ccc2nc1)Br,[B-](c1c(ccc2c1cnn2C3CCCCO3)C)(F)(F)F.[K+],C1CCOC1.O,None,None,15.7667180386815,3937,Cc1ccc2c(c1c3ccc4c(c3)cccn4)cnn2C5CCCCO5,CC(=O)O[Pd]OC(=O)C
233,6-quinoline-boronic acid hydrochloride,Bromide,THF,NaOH,P(tBu)3,Cc1ccc2c(c1Br)cnn2C3CCCCO3,B(c1ccc2c(c1)cccn2)(O)O.Cl,C1CCOC1.O,[OH-].[Na+],CC(C)(C)P(C(C)(C)C)C(C)(C)C,30.1332294672132,4813,Cc1ccc2c(c1c3ccc4c(c3)cccn4)cnn2C5CCCCO5,CC(=O)O[Pd]OC(=O)C
234,6-Quinolineboronic acid pinacol ester,Bromide,MeCN,K3PO4,P(tBu)3,Cc1ccc2c(c1Br)cnn2C3CCCCO3,B1(OC(C(O1)(C)C)(C)C)c2ccc3c(c2)cccn3,CC#N.O,[O-]P(=O)([O-])[O-].[K+].[K+].[K+],CC(C)(C)P(C(C)(C)C)C(C)(C)C,80.5675305457297,5557,Cc1ccc2c(c1c3ccc4c(c3)cccn4)cnn2C5CCCCO5,CC(=O)O[Pd]OC(=O)C
235,6-quinoline-boronic acid hydrochloride,Bromide,DMF,KOH,P(tBu)3,Cc1ccc2c(c1Br)cnn2C3CCCCO3,B(c1ccc2c(c1)cccn2)(O)O.Cl,CN(C)C=O.O,[OH-].[K+],CC(C)(C)P(C(C)(C)C)C(C)(C)C,43.959882467879,4921,Cc1ccc2c(c1c3ccc4c(c3)cccn4)cnn2C5CCCCO5,CC(=O)O[Pd]OC(=O)C
236,6-Quinolineboronic acid pinacol ester,Bromide,MeCN,KOH,P(tBu)3,Cc1ccc2c(c1Br)cnn2C3CCCCO3,B1(OC(C(O1)(C)C)(C)C)c2ccc3c(c2)cccn3,CC#N.O,[OH-].[K+],CC(C)(C)P(C(C)(C)C)C(C)(C)C,79.0135295458613,5497,Cc1ccc2c(c1c3ccc4c(c3)cccn4)cnn2C5CCCCO5,CC(=O)O[Pd]OC(=O)C
237,6-Quinolineboronic acid pinacol ester,Bromide,MeCN,None,P(tBu)3,Cc1ccc2c(c1Br)cnn2C3CCCCO3,B1(OC(C(O1)(C)C)(C)C)c2ccc3c(c2)cccn3,CC#N.O,None,CC(C)(C)P(C(C)(C)C)C(C)(C)C,31.4775204963594,5473,Cc1ccc2c(c1c3ccc4c(c3)cccn4)cnn2C5CCCCO5,CC(=O)O[Pd]OC(=O)C
238,6-quinoline-boronic acid hydrochloride,Bromide,MeOH,NaOH,P(Ph)3 ,Cc1ccc2c(c1Br)cnn2C3CCCCO3,B(c1ccc2c(c1)cccn2)(O)O.Cl,CO.O,[OH-].[Na+],c1ccc(cc1)P(c2ccccc2)c3ccccc3,63.6951525868476,4622,Cc1ccc2c(c1c3ccc4c(c3)cccn4)cnn2C5CCCCO5,CC(=O)O[Pd]OC(=O)C
239,Potassium quinoline-6-trifluoroborate,Bromide,THF,NaHCO3,P(Ph)3 ,Cc1ccc2c(c1Br)cnn2C3CCCCO3,[B-](c1ccc2c(c1)cccn2)(F)(F)F.[K+],C1CCOC1.O,C(=O)(O)[O-].[Na+],c1ccc(cc1)P(c2ccccc2)c3ccccc3,0.0,5234,Cc1ccc2c(c1c3ccc4c(c3)cccn4)cnn2C5CCCCO5,CC(=O)O[Pd]OC(=O)C
240,6-quinoline-boronic acid hydrochloride,Bromide,MeCN,K3PO4,P(Ph)3 ,Cc1ccc2c(c1Br)cnn2C3CCCCO3,B(c1ccc2c(c1)cccn2)(O)O.Cl,CC#N.O,[O-]P(=O)([O-])[O-].[K+].[K+].[K+],c1ccc(cc1)P(c2ccccc2)c3ccccc3,40.8863376317639,4790,Cc1ccc2c(c1c3ccc4c(c3)cccn4)cnn2C5CCCCO5,CC(=O)O[Pd]OC(=O)C
241,6-quinoline-boronic acid hydrochloride,Bromide,DMF,KOH,P(Ph)3 ,Cc1ccc2c(c1Br)cnn2C3CCCCO3,B(c1ccc2c(c1)cccn2)(O)O.Cl,CN(C)C=O.O,[OH-].[K+],c1ccc(cc1)P(c2ccccc2)c3ccccc3,65.5847523989013,4922,Cc1ccc2c(c1c3ccc4c(c3)cccn4)cnn2C5CCCCO5,CC(=O)O[Pd]OC(=O)C
242,Potassium quinoline-6-trifluoroborate,Bromide,DMF,KOH,P(Ph)3 ,Cc1ccc2c(c1Br)cnn2C3CCCCO3,[B-](c1ccc2c(c1)cccn2)(F)(F)F.[K+],CN(C)C=O.O,[OH-].[K+],c1ccc(cc1)P(c2ccccc2)c3ccccc3,52.9371751551838,5306,Cc1ccc2c(c1c3ccc4c(c3)cccn4)cnn2C5CCCCO5,CC(=O)O[Pd]OC(=O)C
243,Potassium quinoline-6-trifluoroborate,Bromide,MeCN,KOH,P(Ph)3 ,Cc1ccc2c(c1Br)cnn2C3CCCCO3,[B-](c1ccc2c(c1)cccn2)(F)(F)F.[K+],CC#N.O,[OH-].[K+],c1ccc(cc1)P(c2ccccc2)c3ccccc3,47.1475734744484,5114,Cc1ccc2c(c1c3ccc4c(c3)cccn4)cnn2C5CCCCO5,CC(=O)O[Pd]OC(=O)C
244,6-quinoline-boronic acid hydrochloride,Bromide,MeOH,KOH,P(Ph)3 ,Cc1ccc2c(c1Br)cnn2C3CCCCO3,B(c1ccc2c(c1)cccn2)(O)O.Cl,CO.O,[OH-].[K+],c1ccc(cc1)P(c2ccccc2)c3ccccc3,71.2547868389221,4634,Cc1ccc2c(c1c3ccc4c(c3)cccn4)cnn2C5CCCCO5,CC(=O)O[Pd]OC(=O)C
245,Potassium quinoline-6-trifluoroborate,Bromide,MeOH,Et3N,P(Ph)3 ,Cc1ccc2c(c1Br)cnn2C3CCCCO3,[B-](c1ccc2c(c1)cccn2)(F)(F)F.[K+],CO.O,CCN(CC)CC,c1ccc(cc1)P(c2ccccc2)c3ccccc3,49.1017532871276,5054,Cc1ccc2c(c1c3ccc4c(c3)cccn4)cnn2C5CCCCO5,CC(=O)O[Pd]OC(=O)C
246,6-Quinolineboronic acid pinacol ester,Bromide,MeCN,None,P(Ph)3 ,Cc1ccc2c(c1Br)cnn2C3CCCCO3,B1(OC(C(O1)(C)C)(C)C)c2ccc3c(c2)cccn3,CC#N.O,None,c1ccc(cc1)P(c2ccccc2)c3ccccc3,20.983093706741,5474,Cc1ccc2c(c1c3ccc4c(c3)cccn4)cnn2C5CCCCO5,CC(=O)O[Pd]OC(=O)C
247,6-quinoline-boronic acid hydrochloride,Bromide,THF,None,P(Ph)3 ,Cc1ccc2c(c1Br)cnn2C3CCCCO3,B(c1ccc2c(c1)cccn2)(O)O.Cl,C1CCOC1.O,None,c1ccc(cc1)P(c2ccccc2)c3ccccc3,25.7441357934166,4802,Cc1ccc2c(c1c3ccc4c(c3)cccn4)cnn2C5CCCCO5,CC(=O)O[Pd]OC(=O)C
248,Potassium quinoline-6-trifluoroborate,Bromide,MeOH,CsF,P(Cy)3,Cc1ccc2c(c1Br)cnn2C3CCCCO3,[B-](c1ccc2c(c1)cccn2)(F)(F)F.[K+],CO.O,[F-].[Cs+],C1CCC(CC1)P(C2CCCCC2)C3CCCCC3,28.5158469100382,5068,Cc1ccc2c(c1c3ccc4c(c3)cccn4)cnn2C5CCCCO5,CC(=O)O[Pd]OC(=O)C
249,6-quinoline-boronic acid hydrochloride,Bromide,MeCN,KOH,P(Cy)3,Cc1ccc2c(c1Br)cnn2C3CCCCO3,B(c1ccc2c(c1)cccn2)(O)O.Cl,CC#N.O,[OH-].[K+],C1CCC(CC1)P(C2CCCCC2)C3CCCCC3,30.5005829425026,4732,Cc1ccc2c(c1c3ccc4c(c3)cccn4)cnn2C5CCCCO5,CC(=O)O[Pd]OC(=O)C
250,6-quinoline-boronic acid hydrochloride,Bromide,MeOH,KOH,P(Cy)3,Cc1ccc2c(c1Br)cnn2C3CCCCO3,B(c1ccc2c(c1)cccn2)(O)O.Cl,CO.O,[OH-].[K+],C1CCC(CC1)P(C2CCCCC2)C3CCCCC3,49.5763451234986,4636,Cc1ccc2c(c1c3ccc4c(c3)cccn4)cnn2C5CCCCO5,CC(=O)O[Pd]OC(=O)C
251,Potassium quinoline-6-trifluoroborate,Bromide,MeOH,CsF,P(o-Tol)3,Cc1ccc2c(c1Br)cnn2C3CCCCO3,[B-](c1ccc2c(c1)cccn2)(F)(F)F.[K+],CO.O,[F-].[Cs+],Cc1ccccc1P(c2ccccc2C)c3ccccc3C,56.9164688024597,5069,Cc1ccc2c(c1c3ccc4c(c3)cccn4)cnn2C5CCCCO5,CC(=O)O[Pd]OC(=O)C
252,6-quinoline-boronic acid hydrochloride,Bromide,MeCN,None,P(o-Tol)3,Cc1ccc2c(c1Br)cnn2C3CCCCO3,B(c1ccc2c(c1)cccn2)(O)O.Cl,CC#N.O,None,Cc1ccccc1P(c2ccccc2C)c3ccccc3C,0.0,4709,Cc1ccc2c(c1c3ccc4c(c3)cccn4)cnn2C5CCCCO5,CC(=O)O[Pd]OC(=O)C
253,Potassium quinoline-6-trifluoroborate,Bromide,MeOH,None,P(o-Tol)3,Cc1ccc2c(c1Br)cnn2C3CCCCO3,[B-](c1ccc2c(c1)cccn2)(F)(F)F.[K+],CO.O,None,Cc1ccccc1P(c2ccccc2C)c3ccccc3C,44.1656774760949,4997,Cc1ccc2c(c1c3ccc4c(c3)cccn4)cnn2C5CCCCO5,CC(=O)O[Pd]OC(=O)C
254,6-quinoline-boronic acid hydrochloride,Bromide,THF,CsF,CataCXium A,Cc1ccc2c(c1Br)cnn2C3CCCCO3,B(c1ccc2c(c1)cccn2)(O)O.Cl,C1CCOC1.O,[F-].[Cs+],CCCCP(C12CC3CC(C1)CC(C3)C2)C45CC6CC(C4)CC(C6)C5,36.7358407872455,4878,Cc1ccc2c(c1c3ccc4c(c3)cccn4)cnn2C5CCCCO5,CC(=O)O[Pd]OC(=O)C
255,6-Quinolineboronic acid pinacol ester,Bromide,THF,K3PO4,CataCXium A,Cc1ccc2c(c1Br)cnn2C3CCCCO3,B1(OC(C(O1)(C)C)(C)C)c2ccc3c(c2)cccn3,C1CCOC1.O,[O-]P(=O)([O-])[O-].[K+].[K+].[K+],CCCCP(C12CC3CC(C1)CC(C3)C2)C45CC6CC(C4)CC(C6)C5,50.5918131985395,5658,Cc1ccc2c(c1c3ccc4c(c3)cccn4)cnn2C5CCCCO5,CC(=O)O[Pd]OC(=O)C
256,6-Quinolineboronic acid pinacol ester,Bromide,DMF,LiOtBu,CataCXium A,Cc1ccc2c(c1Br)cnn2C3CCCCO3,B1(OC(C(O1)(C)C)(C)C)c2ccc3c(c2)cccn3,CN(C)C=O.O,[Li+].CC(C)(C)[O-],CCCCP(C12CC3CC(C1)CC(C3)C2)C45CC6CC(C4)CC(C6)C5,36.0276921126573,5706,Cc1ccc2c(c1c3ccc4c(c3)cccn4)cnn2C5CCCCO5,CC(=O)O[Pd]OC(=O)C
257,6-Quinolineboronic acid pinacol ester,Bromide,THF,None,CataCXium A,Cc1ccc2c(c1Br)cnn2C3CCCCO3,B1(OC(C(O1)(C)C)(C)C)c2ccc3c(c2)cccn3,C1CCOC1.O,None,CCCCP(C12CC3CC(C1)CC(C3)C2)C45CC6CC(C4)CC(C6)C5,56.7188093810919,5574,Cc1ccc2c(c1c3ccc4c(c3)cccn4)cnn2C5CCCCO5,CC(=O)O[Pd]OC(=O)C
258,Potassium quinoline-6-trifluoroborate,Bromide,THF,NaOH,SPhos,Cc1ccc2c(c1Br)cnn2C3CCCCO3,[B-](c1ccc2c(c1)cccn2)(F)(F)F.[K+],C1CCOC1.O,[OH-].[Na+],COc1cccc(c1c2ccccc2P(C3CCCCC3)C4CCCCC4)OC,27.913139696793,5203,Cc1ccc2c(c1c3ccc4c(c3)cccn4)cnn2C5CCCCO5,CC(=O)O[Pd]OC(=O)C
259,6-quinoline-boronic acid hydrochloride,Bromide,DMF,CsF,SPhos,Cc1ccc2c(c1Br)cnn2C3CCCCO3,B(c1ccc2c(c1)cccn2)(O)O.Cl,CN(C)C=O.O,[F-].[Cs+],COc1cccc(c1c2ccccc2P(C3CCCCC3)C4CCCCC4)OC,21.0665035340973,4975,Cc1ccc2c(c1c3ccc4c(c3)cccn4)cnn2C5CCCCO5,CC(=O)O[Pd]OC(=O)C
260,6-Quinolineboronic acid pinacol ester,Bromide,MeOH,CsF,SPhos,Cc1ccc2c(c1Br)cnn2C3CCCCO3,B1(OC(C(O1)(C)C)(C)C)c2ccc3c(c2)cccn3,CO.O,[F-].[Cs+],COc1cccc(c1c2ccccc2P(C3CCCCC3)C4CCCCC4)OC,16.6443256312243,5455,Cc1ccc2c(c1c3ccc4c(c3)cccn4)cnn2C5CCCCO5,CC(=O)O[Pd]OC(=O)C
261,6-Quinolineboronic acid pinacol ester,Bromide,DMF,K3PO4,SPhos,Cc1ccc2c(c1Br)cnn2C3CCCCO3,B1(OC(C(O1)(C)C)(C)C)c2ccc3c(c2)cccn3,CN(C)C=O.O,[O-]P(=O)([O-])[O-].[K+].[K+].[K+],COc1cccc(c1c2ccccc2P(C3CCCCC3)C4CCCCC4)OC,69.7069616473282,5755,Cc1ccc2c(c1c3ccc4c(c3)cccn4)cnn2C5CCCCO5,CC(=O)O[Pd]OC(=O)C
262,6-quinoline-boronic acid hydrochloride,Bromide,MeCN,K3PO4,SPhos,Cc1ccc2c(c1Br)cnn2C3CCCCO3,B(c1ccc2c(c1)cccn2)(O)O.Cl,CC#N.O,[O-]P(=O)([O-])[O-].[K+].[K+].[K+],COc1cccc(c1c2ccccc2P(C3CCCCC3)C4CCCCC4)OC,25.0243202361812,4795,Cc1ccc2c(c1c3ccc4c(c3)cccn4)cnn2C5CCCCO5,CC(=O)O[Pd]OC(=O)C
263,6-quinoline-boronic acid hydrochloride,Bromide,DMF,LiOtBu,SPhos,Cc1ccc2c(c1Br)cnn2C3CCCCO3,B(c1ccc2c(c1)cccn2)(O)O.Cl,CN(C)C=O.O,[Li+].CC(C)(C)[O-],COc1cccc(c1c2ccccc2P(C3CCCCC3)C4CCCCC4)OC,27.0443037945477,4939,Cc1ccc2c(c1c3ccc4c(c3)cccn4)cnn2C5CCCCO5,CC(=O)O[Pd]OC(=O)C
264,6-quinoline-boronic acid hydrochloride,Bromide,DMF,NaHCO3,dtbpf,Cc1ccc2c(c1Br)cnn2C3CCCCO3,B(c1ccc2c(c1)cccn2)(O)O.Cl,CN(C)C=O.O,C(=O)(O)[O-].[Na+],CC(C)(C)P(C1=CC=C[CH]1)C(C)(C)C.CC(C)(C)P(C1=CC=C[CH]1)C(C)(C)C.[Fe],26.2785245239158,4952,Cc1ccc2c(c1c3ccc4c(c3)cccn4)cnn2C5CCCCO5,CC(=O)O[Pd]OC(=O)C
265,Potassium quinoline-6-trifluoroborate,Bromide,MeCN,NaHCO3,dtbpf,Cc1ccc2c(c1Br)cnn2C3CCCCO3,[B-](c1ccc2c(c1)cccn2)(F)(F)F.[K+],CC#N.O,C(=O)(O)[O-].[Na+],CC(C)(C)P(C1=CC=C[CH]1)C(C)(C)C.CC(C)(C)P(C1=CC=C[CH]1)C(C)(C)C.[Fe],32.7623597861794,5144,Cc1ccc2c(c1c3ccc4c(c3)cccn4)cnn2C5CCCCO5,CC(=O)O[Pd]OC(=O)C
266,6-Quinolineboronic acid pinacol ester,Bromide,THF,K3PO4,dtbpf,Cc1ccc2c(c1Br)cnn2C3CCCCO3,B1(OC(C(O1)(C)C)(C)C)c2ccc3c(c2)cccn3,C1CCOC1.O,[O-]P(=O)([O-])[O-].[K+].[K+].[K+],CC(C)(C)P(C1=CC=C[CH]1)C(C)(C)C.CC(C)(C)P(C1=CC=C[CH]1)C(C)(C)C.[Fe],58.3927858468441,5660,Cc1ccc2c(c1c3ccc4c(c3)cccn4)cnn2C5CCCCO5,CC(=O)O[Pd]OC(=O)C
267,Potassium quinoline-6-trifluoroborate,Bromide,DMF,KOH,dtbpf,Cc1ccc2c(c1Br)cnn2C3CCCCO3,[B-](c1ccc2c(c1)cccn2)(F)(F)F.[K+],CN(C)C=O.O,[OH-].[K+],CC(C)(C)P(C1=CC=C[CH]1)C(C)(C)C.CC(C)(C)P(C1=CC=C[CH]1)C(C)(C)C.[Fe],0.0,5312,Cc1ccc2c(c1c3ccc4c(c3)cccn4)cnn2C5CCCCO5,CC(=O)O[Pd]OC(=O)C
268,Potassium quinoline-6-trifluoroborate,Bromide,MeOH,KOH,dtbpf,Cc1ccc2c(c1Br)cnn2C3CCCCO3,[B-](c1ccc2c(c1)cccn2)(F)(F)F.[K+],CO.O,[OH-].[K+],CC(C)(C)P(C1=CC=C[CH]1)C(C)(C)C.CC(C)(C)P(C1=CC=C[CH]1)C(C)(C)C.[Fe],55.6004216959361,5024,Cc1ccc2c(c1c3ccc4c(c3)cccn4)cnn2C5CCCCO5,CC(=O)O[Pd]OC(=O)C
269,Potassium quinoline-6-trifluoroborate,Bromide,DMF,Et3N,dtbpf,Cc1ccc2c(c1Br)cnn2C3CCCCO3,[B-](c1ccc2c(c1)cccn2)(F)(F)F.[K+],CN(C)C=O.O,CCN(CC)CC,CC(C)(C)P(C1=CC=C[CH]1)C(C)(C)C.CC(C)(C)P(C1=CC=C[CH]1)C(C)(C)C.[Fe],37.3640469215065,5348,Cc1ccc2c(c1c3ccc4c(c3)cccn4)cnn2C5CCCCO5,CC(=O)O[Pd]OC(=O)C
270,6-quinoline-boronic acid hydrochloride,Bromide,DMF,KOH,XPhos,Cc1ccc2c(c1Br)cnn2C3CCCCO3,B(c1ccc2c(c1)cccn2)(O)O.Cl,CN(C)C=O.O,[OH-].[K+],CC(C)c1cc(c(c(c1)C(C)C)c2ccccc2P(C3CCCCC3)C4CCCCC4)C(C)C,54.9519692840107,4929,Cc1ccc2c(c1c3ccc4c(c3)cccn4)cnn2C5CCCCO5,CC(=O)O[Pd]OC(=O)C
271,6-Quinolineboronic acid pinacol ester,Bromide,DMF,KOH,XPhos,Cc1ccc2c(c1Br)cnn2C3CCCCO3,B1(OC(C(O1)(C)C)(C)C)c2ccc3c(c2)cccn3,CN(C)C=O.O,[OH-].[K+],CC(C)c1cc(c(c(c1)C(C)C)c2ccccc2P(C3CCCCC3)C4CCCCC4)C(C)C,45.6730115852093,5697,Cc1ccc2c(c1c3ccc4c(c3)cccn4)cnn2C5CCCCO5,CC(=O)O[Pd]OC(=O)C
272,Potassium quinoline-6-trifluoroborate,Bromide,MeOH,CsF,dppf,Cc1ccc2c(c1Br)cnn2C3CCCCO3,[B-](c1ccc2c(c1)cccn2)(F)(F)F.[K+],CO.O,[F-].[Cs+],c1ccc(cc1)P([c-]2cccc2)c3ccccc3.c1ccc(cc1)P([c-]2cccc2)c3ccccc3.[Fe+2],0.0,5074,Cc1ccc2c(c1c3ccc4c(c3)cccn4)cnn2C5CCCCO5,CC(=O)O[Pd]OC(=O)C
273,6-quinoline-boronic acid hydrochloride,Bromide,DMF,KOH,dppf,Cc1ccc2c(c1Br)cnn2C3CCCCO3,B(c1ccc2c(c1)cccn2)(O)O.Cl,CN(C)C=O.O,[OH-].[K+],c1ccc(cc1)P([c-]2cccc2)c3ccccc3.c1ccc(cc1)P([c-]2cccc2)c3ccccc3.[Fe+2],0.0,4930,Cc1ccc2c(c1c3ccc4c(c3)cccn4)cnn2C5CCCCO5,CC(=O)O[Pd]OC(=O)C
274,6-quinoline-boronic acid hydrochloride,Bromide,MeOH,Et3N,dppf,Cc1ccc2c(c1Br)cnn2C3CCCCO3,B(c1ccc2c(c1)cccn2)(O)O.Cl,CO.O,CCN(CC)CC,c1ccc(cc1)P([c-]2cccc2)c3ccccc3.c1ccc(cc1)P([c-]2cccc2)c3ccccc3.[Fe+2],0.0,4678,Cc1ccc2c(c1c3ccc4c(c3)cccn4)cnn2C5CCCCO5,CC(=O)O[Pd]OC(=O)C
275,6-Quinolineboronic acid pinacol ester,Bromide,DMF,None,dppf,Cc1ccc2c(c1Br)cnn2C3CCCCO3,B1(OC(C(O1)(C)C)(C)C)c2ccc3c(c2)cccn3,CN(C)C=O.O,None,c1ccc(cc1)P([c-]2cccc2)c3ccccc3.c1ccc(cc1)P([c-]2cccc2)c3ccccc3.[Fe+2],34.2653980231845,5674,Cc1ccc2c(c1c3ccc4c(c3)cccn4)cnn2C5CCCCO5,CC(=O)O[Pd]OC(=O)C
276,6-Quinolineboronic acid pinacol ester,Bromide,MeOH,NaOH,Xantphos,Cc1ccc2c(c1Br)cnn2C3CCCCO3,B1(OC(C(O1)(C)C)(C)C)c2ccc3c(c2)cccn3,CO.O,[OH-].[Na+],CC1(c2cccc(c2Oc3c1cccc3P(c4ccccc4)c5ccccc5)P(c6ccccc6)c7ccccc7)C,23.6706972930782,5399,Cc1ccc2c(c1c3ccc4c(c3)cccn4)cnn2C5CCCCO5,CC(=O)O[Pd]OC(=O)C
277,6-quinoline-boronic acid hydrochloride,Bromide,DMF,K3PO4,Xantphos,Cc1ccc2c(c1Br)cnn2C3CCCCO3,B(c1ccc2c(c1)cccn2)(O)O.Cl,CN(C)C=O.O,[O-]P(=O)([O-])[O-].[K+].[K+].[K+],CC1(c2cccc(c2Oc3c1cccc3P(c4ccccc4)c5ccccc5)P(c6ccccc6)c7ccccc7)C,0.0,4991,Cc1ccc2c(c1c3ccc4c(c3)cccn4)cnn2C5CCCCO5,CC(=O)O[Pd]OC(=O)C
278,6-Quinolineboronic acid pinacol ester,Bromide,MeCN,KOH,Xantphos,Cc1ccc2c(c1Br)cnn2C3CCCCO3,B1(OC(C(O1)(C)C)(C)C)c2ccc3c(c2)cccn3,CC#N.O,[OH-].[K+],CC1(c2cccc(c2Oc3c1cccc3P(c4ccccc4)c5ccccc5)P(c6ccccc6)c7ccccc7)C,0.0,5507,Cc1ccc2c(c1c3ccc4c(c3)cccn4)cnn2C5CCCCO5,CC(=O)O[Pd]OC(=O)C
279,Potassium quinoline-6-trifluoroborate,Bromide,THF,KOH,Xantphos,Cc1ccc2c(c1Br)cnn2C3CCCCO3,[B-](c1ccc2c(c1)cccn2)(F)(F)F.[K+],C1CCOC1.O,[OH-].[K+],CC1(c2cccc(c2Oc3c1cccc3P(c4ccccc4)c5ccccc5)P(c6ccccc6)c7ccccc7)C,0.0,5219,Cc1ccc2c(c1c3ccc4c(c3)cccn4)cnn2C5CCCCO5,CC(=O)O[Pd]OC(=O)C
280,6-Quinolineboronic acid pinacol ester,Bromide,DMF,LiOtBu,Xantphos,Cc1ccc2c(c1Br)cnn2C3CCCCO3,B1(OC(C(O1)(C)C)(C)C)c2ccc3c(c2)cccn3,CN(C)C=O.O,[Li+].CC(C)(C)[O-],CC1(c2cccc(c2Oc3c1cccc3P(c4ccccc4)c5ccccc5)P(c6ccccc6)c7ccccc7)C,0.0,5711,Cc1ccc2c(c1c3ccc4c(c3)cccn4)cnn2C5CCCCO5,CC(=O)O[Pd]OC(=O)C
281,6-quinoline-boronic acid hydrochloride,Bromide,DMF,Et3N,Xantphos,Cc1ccc2c(c1Br)cnn2C3CCCCO3,B(c1ccc2c(c1)cccn2)(O)O.Cl,CN(C)C=O.O,CCN(CC)CC,CC1(c2cccc(c2Oc3c1cccc3P(c4ccccc4)c5ccccc5)P(c6ccccc6)c7ccccc7)C,0.0,4967,Cc1ccc2c(c1c3ccc4c(c3)cccn4)cnn2C5CCCCO5,CC(=O)O[Pd]OC(=O)C
282,6-quinoline-boronic acid hydrochloride,Bromide,DMF,None,Xantphos,Cc1ccc2c(c1Br)cnn2C3CCCCO3,B(c1ccc2c(c1)cccn2)(O)O.Cl,CN(C)C=O.O,None,CC1(c2cccc(c2Oc3c1cccc3P(c4ccccc4)c5ccccc5)P(c6ccccc6)c7ccccc7)C,0.0,4907,Cc1ccc2c(c1c3ccc4c(c3)cccn4)cnn2C5CCCCO5,CC(=O)O[Pd]OC(=O)C
283,6-quinoline-boronic acid hydrochloride,Bromide,MeOH,CsF,None,Cc1ccc2c(c1Br)cnn2C3CCCCO3,B(c1ccc2c(c1)cccn2)(O)O.Cl,CO.O,[F-].[Cs+],None,49.8237345298752,4692,Cc1ccc2c(c1c3ccc4c(c3)cccn4)cnn2C5CCCCO5,CC(=O)O[Pd]OC(=O)C
284,6-quinoline-boronic acid hydrochloride,Bromide,THF,CsF,None,Cc1ccc2c(c1Br)cnn2C3CCCCO3,B(c1ccc2c(c1)cccn2)(O)O.Cl,C1CCOC1.O,[F-].[Cs+],None,0.0,4884,Cc1ccc2c(c1c3ccc4c(c3)cccn4)cnn2C5CCCCO5,CC(=O)O[Pd]OC(=O)C
285,Potassium quinoline-6-trifluoroborate,Bromide,DMF,KOH,None,Cc1ccc2c(c1Br)cnn2C3CCCCO3,[B-](c1ccc2c(c1)cccn2)(F)(F)F.[K+],CN(C)C=O.O,[OH-].[K+],None,22.686721998969,5316,Cc1ccc2c(c1c3ccc4c(c3)cccn4)cnn2C5CCCCO5,CC(=O)O[Pd]OC(=O)C
286,6-Quinolineboronic acid pinacol ester,Bromide,THF,KOH,None,Cc1ccc2c(c1Br)cnn2C3CCCCO3,B1(OC(C(O1)(C)C)(C)C)c2ccc3c(c2)cccn3,C1CCOC1.O,[OH-].[K+],None,56.9316978948369,5604,Cc1ccc2c(c1c3ccc4c(c3)cccn4)cnn2C5CCCCO5,CC(=O)O[Pd]OC(=O)C
287,Potassium quinoline-6-trifluoroborate,Bromide,MeCN,LiOtBu,None,Cc1ccc2c(c1Br)cnn2C3CCCCO3,[B-](c1ccc2c(c1)cccn2)(F)(F)F.[K+],CC#N.O,[Li+].CC(C)(C)[O-],None,38.51474702517,5136,Cc1ccc2c(c1c3ccc4c(c3)cccn4)cnn2C5CCCCO5,CC(=O)O[Pd]OC(=O)C
